timestamp,src_ip,dst_ip,total_length_of_fwd_packets,total_length_of_bwd_packets,total_fwd_packets,total_backward_packets,flow_duration,fwd_packet_length_mean,fwd_packet_length_std,bwd_packet_length_std,average_packet_size,flow_bytes/s,flow_packets/s
2026-06-10 17:09:56.470454,192.168.1.105,13.250.177.223,2932,49938,28,38,681993,1129.514422825165,321.7225793892649,65.85711376227373,170.99008654394515,77522.78982335597,96.77518684209369
2026-06-10 17:14:56.470454,192.168.1.15,104.21.44.11,2167,21819,4,11,4614822,1135.9918605096873,434.4465164583078,824.3562220223682,209.31809780584683,5197.600254137646,3.25039622329962
2026-06-10 17:23:56.470454,192.168.1.22,104.21.44.11,3259,8665,37,17,3013316,619.8982139531684,142.75681820010456,829.6660535285346,254.50316454683212,3957.102408111197,17.920457064576034
2026-06-10 17:23:56.470454,192.168.1.15,104.21.44.11,1370,11816,11,15,249973,58.44703787691634,102.2532586434925,734.3471169941201,321.79799093177434,52749.696967272466,104.01123321318703
2026-06-10 17:24:56.470454,10.0.0.88,8.8.8.8,3830,27588,44,29,4837682,1387.5265779094032,149.15201586581662,229.16588782872384,1229.125520341367,6494.432664238782,15.08987155418649
2026-06-10 17:25:56.470454,192.168.1.105,104.21.44.11,3994,8214,15,25,845039,443.62399162375317,354.94920730218485,834.4506140326857,963.4805185846632,14446.670508698415,47.33509340988996
2026-06-10 17:25:56.470454,192.168.1.15,13.250.177.223,2796,19342,27,34,2510512,719.256762561392,81.18869783908005,533.895628932517,1289.1794532873453,8818.121562454193,24.29783247401327
2026-06-10 17:27:56.470454,192.168.1.15,142.250.190.46,3208,35555,23,31,2522431,1419.0489084394878,287.8935309900236,246.66185327441596,482.7270330898327,15367.318273522646,21.407919582339417
2026-06-10 17:27:56.470454,10.0.0.88,1.1.1.1,1259,36631,47,15,4404351,800.0844117556071,294.1771026946267,760.2129856862089,880.0914810187911,8602.856584318552,14.076988868507527
2026-06-10 17:36:56.470454,10.0.0.88,142.250.190.46,1801,29889,49,37,3915902,635.22079727225,322.9703335942472,597.6108044214909,292.20306582320535,8092.643789349172,21.961734486715958
2026-06-10 17:37:56.470454,192.168.1.22,13.250.177.223,1697,22413,3,46,3259368,1326.4927983122384,390.196810409393,16.41153876626018,1018.1351369307346,7397.1395681616805,15.033589333883134
2026-06-10 17:38:56.470454,192.168.1.15,13.250.177.223,2014,16938,10,31,3117049,341.24555313949895,142.3088176025053,333.70221405381227,792.9460469646089,6080.109744825955,13.15346662821149
2026-06-10 17:39:56.470454,10.0.0.88,1.1.1.1,3904,2750,39,10,1476983,1188.1123540642827,11.159357679836528,835.3726531908144,514.7825699297504,4505.129713747552,33.17573729690863
2026-06-10 17:39:56.470454,192.168.1.22,13.250.177.223,2879,33305,15,28,3485393,734.918360936596,17.63743849231713,401.6867611049988,967.7096187001969,10381.612633066055,12.337202720037597
2026-06-10 17:40:56.470454,192.168.1.15,104.21.44.11,1648,45139,6,19,3881381,1175.6017685127415,369.1152199480263,399.767018594748,644.3371332397879,12054.214724089183,6.44100643559599
2026-06-10 17:46:56.470454,192.168.1.105,13.250.177.223,3509,1917,8,43,1558925,191.27810425997092,409.7162024016378,719.9581916655173,1061.428514869646,3480.603621085043,32.714851580415996
2026-06-10 17:51:56.470454,192.168.1.22,13.250.177.223,662,33429,44,43,3571407,86.77681369415106,204.07415757034164,683.6981245560571,803.5759222202985,9545.537655047436,24.360147135288695
2026-06-10 17:53:56.470454,192.168.1.105,104.21.44.11,4636,36882,6,29,1675959,90.91854968806534,33.07819818823745,498.22444072524434,270.7696692317515,24772.68238662163,20.883565767420325
2026-06-10 17:57:56.470454,10.0.0.88,1.1.1.1,4998,16874,27,11,13598,87.29886318602642,107.32392743650334,794.3332545617227,1364.3116717791625,1608471.834093249,2794.52860714811
2026-06-10 17:59:56.470454,10.0.0.88,8.8.8.8,3302,4172,10,36,2812167,56.811458688918535,465.33404492002137,165.0668152189189,287.18397241591833,2657.7368982709772,16.357492282641818
2026-06-10 17:59:56.470454,192.168.1.22,8.8.8.8,2229,12173,31,31,1016775,1308.1429310655647,449.03914388433725,615.9077887905223,1352.574847452038,14164.39231885127,60.97710899658233
2026-06-10 18:03:56.470454,192.168.1.22,142.250.190.46,3445,7241,3,45,3190431,1324.5456911949461,431.8458211125918,173.25266445851963,756.2901413034659,3349.390724952209,15.044989219324913
2026-06-10 18:04:56.470454,192.168.1.22,13.250.177.223,524,44890,32,25,4288749,503.19477911441516,234.7051054668161,934.7525269771922,393.31791566371635,10589.101856975076,13.290588933975851
2026-06-10 18:07:56.470454,192.168.1.105,104.21.44.11,3201,2682,35,8,2183826,775.0332914204105,291.78250939953267,248.84175888689785,754.5815047687227,2693.895942259136,19.6902134144387
2026-06-10 18:12:56.470454,192.168.1.15,1.1.1.1,2753,27037,14,38,4437790,1016.3130655503785,304.397971400686,937.8023334191485,961.2108020239324,6712.800740909327,11.717544092893085
2026-06-10 18:24:56.470454,10.0.0.88,1.1.1.1,3730,26613,10,40,179898,535.3891837656747,470.2182516722127,533.3975473142664,609.9677947032657,168667.80064258634,277.93527443329
2026-06-10 18:26:56.470454,192.168.1.15,1.1.1.1,340,5052,28,35,4821808,834.8633950157669,255.02293540948264,997.4003644648017,57.50389056193375,1118.2527383919062,13.06563844931196
2026-06-10 18:29:56.470454,10.0.0.88,1.1.1.1,3249,49217,47,33,4962326,269.37214826945126,268.28179285717175,714.5703461432857,1365.978004179342,10572.864418822946,16.121472067735976
2026-06-10 18:32:56.470454,192.168.1.105,104.21.44.11,3567,34885,15,41,1019691,292.17710846111186,458.44565472330976,592.0194040060992,1345.965745070453,37709.462964760896,54.91859788896833
2026-06-10 18:42:56.470454,192.168.1.105,1.1.1.1,2625,25138,45,23,2636512,278.8542820412549,212.47321123343747,690.2100030530393,1469.1026827119676,10530.200507336966,25.79165200082533
2026-06-10 18:42:56.470454,10.0.0.88,13.250.177.223,1130,10602,4,48,4535375,205.94738113722673,89.04346045462381,717.7804130115672,254.4660543710157,2586.7761761706583,11.46542457900394
2026-06-10 18:49:56.470454,192.168.1.15,13.250.177.223,894,46515,34,21,1409228,760.2218759179657,290.79503696586596,389.38676357129276,880.7640742600497,33641.82375030868,39.02846097295824
2026-06-10 18:52:56.470454,10.0.0.88,142.250.190.46,3006,25200,38,22,1614277,1075.7466224426014,189.43049289916829,710.2789951099534,1234.6797413159002,17472.837685229984,37.168342236183754
2026-06-10 18:55:56.470454,10.0.0.88,13.250.177.223,4327,32399,29,15,4154763,847.5556096656807,473.24429260398637,421.66726576753695,1364.5391867666997,8839.493371824097,10.59025508795568
2026-06-10 18:56:56.470454,10.0.0.88,142.250.190.46,2710,32005,44,13,2275921,891.8801795826203,207.61106061764303,992.308543963098,570.2914722686266,15253.16564151392,25.044806036764896
2026-06-10 19:04:56.470454,192.168.1.15,142.250.190.46,1989,21419,33,13,3654376,858.962025382935,493.68462327876296,167.62838338656772,335.7596312019097,6405.471139258795,12.587648342699273
2026-06-10 19:08:56.470454,192.168.1.22,13.250.177.223,4191,19210,8,16,4763777,1334.8858585543073,480.7422099665239,204.2079481848847,523.7612852241509,4912.278639407344,5.038019201990354
2026-06-10 19:13:56.470454,192.168.1.22,142.250.190.46,3043,4624,15,5,209210,418.6343960473656,42.27611698676071,59.96232382543563,108.61985137031553,36647.38779217054,95.59772477415038
2026-06-10 19:16:56.470454,192.168.1.22,13.250.177.223,3247,39012,47,44,2375735,478.05489519788205,149.7260218609171,738.0496751871866,835.6512338753257,17787.75831479521,38.30393541367198
2026-06-10 19:23:56.470454,192.168.1.15,104.21.44.11,4793,4052,18,39,3589440,1228.552594635784,148.26364665773585,221.45633365312105,119.18033193121829,2464.172684318445,15.87991441561915
2026-06-10 19:24:56.470454,192.168.1.22,104.21.44.11,2899,46388,8,28,4645247,790.0598866843997,24.155055690339097,881.9370395613081,707.8485286950418,10610.200060405828,7.7498570043745785
2026-06-10 19:24:56.470454,192.168.1.15,104.21.44.11,904,40854,13,31,789347,636.0405741959975,380.3757239516567,475.8410806440454,1283.4519043734501,52901.955667152724,55.74227811089419
2026-06-10 19:25:56.470454,192.168.1.105,142.250.190.46,1632,19926,21,48,639765,1034.6148351820761,378.09318472245826,330.3581680315914,1202.1597611219083,33696.74802466531,107.85210194368244
2026-06-10 19:26:56.470454,10.0.0.88,104.21.44.11,3145,28353,14,14,4465878,1157.050403138338,354.38595627097544,434.121825397217,1373.885160971724,7053.036379408483,6.269763750823467
2026-06-10 19:28:56.470454,192.168.1.105,1.1.1.1,4562,5419,3,5,1839360,459.82108517980305,236.46895387751525,126.24051805652307,1289.818947363029,5426.34394572025,4.349338900487126
2026-06-10 19:28:56.470454,192.168.1.15,1.1.1.1,4950,38102,22,26,4229285,1445.8837697620443,171.61075978386165,934.8061334267088,108.61341457864367,10179.498425856853,11.349436134003739
2026-06-10 19:30:56.470454,192.168.1.22,8.8.8.8,1012,24213,39,31,4126267,1470.1402760602905,350.1728799029481,512.8064162735917,694.4515956044329,6113.273813837059,16.964486302025534
2026-06-10 19:31:56.470454,10.0.0.88,13.250.177.223,4641,23760,27,28,448684,290.85979491873957,203.4346687864559,823.2996828898067,891.1950516144638,63298.44612243806,122.58070267716253
2026-06-10 19:32:56.470454,192.168.1.105,142.250.190.46,2184,28296,8,33,3936630,1392.7659685036685,255.26361238158404,819.9233862193047,256.07128218751075,7742.663140808255,10.414999631664648
2026-06-10 19:38:56.470454,192.168.1.15,13.250.177.223,3199,514,15,49,3028304,161.3347935253849,179.1524609859943,585.1037894454596,1312.2449852145353,1226.0988328780732,21.133941638620165
2026-06-10 19:48:56.470454,10.0.0.88,104.21.44.11,1612,49440,38,23,578749,1372.8147894640892,265.6211733613487,261.90451076818744,203.08681385670855,88210.9515524001,105.3997501507562
2026-06-10 19:50:56.470454,192.168.1.15,142.250.190.46,686,36252,6,15,4387897,1276.6697745201757,201.78788046316538,630.5960560555462,359.10086624526167,8418.155667737872,4.785891738115093
2026-06-10 19:51:56.470454,192.168.1.22,13.250.177.223,4158,26495,43,40,985841,701.4432711574324,496.0979112388937,564.1015068410544,900.3450318712374,31093.249317080543,84.19207559839772
2026-06-10 19:51:56.470454,192.168.1.22,1.1.1.1,3284,19878,6,20,4493623,1404.5561765799084,275.99199812037574,845.1555934613649,117.97066687776194,5154.415490574086,5.785977150286083
2026-06-10 19:53:56.470454,10.0.0.88,1.1.1.1,1133,35272,34,44,4158868,206.30858493409752,404.6763998840555,578.6352762284971,774.1703680359516,8753.583907928793,18.755103552216614
2026-06-10 19:55:56.470454,192.168.1.105,1.1.1.1,1741,26382,24,26,3459998,118.11311904054443,14.724024050106605,982.1593488751992,1469.2638817175766,8128.039380369583,14.450875405130292
2026-06-10 19:58:56.470454,10.0.0.88,104.21.44.11,4401,23980,14,24,1186065,180.33461465142582,203.06961101440135,320.7059876617957,384.88783966982203,23928.705425082102,32.038716259226945
2026-06-10 19:58:56.470454,192.168.1.22,1.1.1.1,3800,24232,45,16,3887464,1468.0950084740755,212.4136228147924,358.4066688093873,1216.1091453918937,7210.870634429026,15.691463637991246
2026-06-10 19:59:56.470454,10.0.0.88,1.1.1.1,3298,41352,48,47,3493988,1222.590136810378,57.83437752983778,583.3629532720487,92.14345792312926,12779.093688930816,27.18956104027833
2026-06-10 20:01:56.470454,192.168.1.15,8.8.8.8,2497,19282,35,12,850368,612.5307648253809,58.14265343343892,13.481106532422606,941.987268754879,25611.264770076014,55.27018890644991
2026-06-10 20:06:56.470454,192.168.1.105,1.1.1.1,2439,1490,32,10,1443436,821.5521623118141,349.1801871655282,317.7363130356194,1358.3571979821704,2721.9772819854848,29.097237425143895
2026-06-10 20:11:56.470454,192.168.1.15,142.250.190.46,1011,4797,41,17,1566182,1385.0469924135896,177.87669169677156,310.79617129389004,1449.860022204282,3708.3812736961604,37.03273310509251
2026-06-10 20:13:56.470454,192.168.1.22,142.250.190.46,3336,4897,39,30,709484,1286.0526519357852,293.27544575088007,901.8123468407406,862.3399655300237,11604.208128724538,97.25377880262275
2026-06-10 20:18:56.470454,192.168.1.22,1.1.1.1,234,14605,48,36,2063421,1230.0073684166953,180.87974374762834,559.893555472441,1323.7194058248308,7191.45535496634,40.70909426626946
2026-06-10 20:18:56.470454,10.0.0.88,1.1.1.1,1491,43271,45,20,4253147,1193.396827638679,208.94583110439183,577.7315393437874,407.5833089640222,10524.442254170852,15.282801182277499
2026-06-10 20:23:56.470454,192.168.1.15,8.8.8.8,4192,15512,9,40,706093,1186.93069319525,177.3309737997834,846.669861693929,1076.9108627014878,27905.67248223676,69.3959577562729
2026-06-10 20:25:56.470454,192.168.1.15,142.250.190.46,3142,24213,47,32,2429705,993.5229173050103,71.5654089949019,802.3237996810659,299.57052672363886,11258.568427031267,32.51423526724438
2026-06-10 20:30:56.470454,192.168.1.105,8.8.8.8,1419,37240,11,10,2157330,1401.6932551781438,162.45023633513722,458.6270486267372,565.2819706688377,17919.836093689886,9.734254842791785
2026-06-10 20:33:56.470454,192.168.1.22,104.21.44.11,3479,43575,8,46,3123555,1139.7638848053796,90.64357489173862,42.629278553603875,60.39040453586969,15064.245707215015,17.287993968410994
2026-06-10 20:33:56.470454,192.168.1.22,142.250.190.46,3467,29275,34,4,3223658,1321.3515886154307,459.0985500215368,127.2502093240955,996.2202364109532,10156.784621693741,11.787850944486047
2026-06-10 20:40:56.470454,192.168.1.22,104.21.44.11,4001,37065,26,13,758167,201.19038012416067,107.50259965988253,488.3469868339282,1468.2378188830296,54164.84758634971,51.439854280125616
2026-06-10 20:41:56.470454,192.168.1.105,13.250.177.223,4452,39522,21,14,2420382,610.4564028675438,379.61125519313225,87.30414491591836,683.9815276466564,18168.206506245708,14.460527305193974
2026-06-10 20:42:56.470454,192.168.1.15,8.8.8.8,2691,19023,44,5,1080641,476.8480983200767,496.52419280210995,65.58220623323683,770.3646018223058,20093.629614275233,45.34345818824198
2026-06-10 20:43:56.470454,192.168.1.22,13.250.177.223,3955,36820,12,9,655779,140.60869588613315,427.96198547678887,955.0439555943084,1086.2462527012929,62177.95934301037,32.02298335262337
2026-06-10 20:46:56.470454,192.168.1.22,13.250.177.223,2487,36681,48,17,1173107,232.32692348939221,391.02847269972824,935.3982910988985,561.4106230508904,33388.25870103921,55.408415430135534
2026-06-10 20:46:56.470454,192.168.1.22,104.21.44.11,2290,42881,49,6,1083243,683.053684271951,242.69895921895073,858.9917286804575,1432.4681965295583,41699.784812825936,50.773464495039434
2026-06-10 20:55:56.470454,10.0.0.88,104.21.44.11,4407,48575,15,31,372887,479.9031631603603,68.54118931240262,199.6069674296599,288.40857560623965,142085.94024463175,123.3617691150402
2026-06-10 20:55:56.470454,192.168.1.105,142.250.190.46,1849,1014,26,17,304700,472.5442750944309,407.6693306748492,694.8183409296694,1061.644007446962,9396.127338365604,141.12241549064652
2026-06-10 20:57:56.470454,192.168.1.22,104.21.44.11,2923,3823,4,39,1863196,645.1937411377531,162.77753849397297,24.601682136360758,985.8810137626501,3620.6604136118794,23.07862404170039
2026-06-10 20:58:56.470454,192.168.1.105,8.8.8.8,4819,46392,28,11,1753050,751.1066392232797,408.86267699407176,472.4579256310924,1426.09897962944,29212.515330424118,22.246941045606228
2026-06-10 20:59:56.470454,192.168.1.22,104.21.44.11,4175,21118,42,40,2892456,1341.1075783163294,297.8866412097639,757.8910026011634,1265.77963645439,8744.471826019133,28.34961015828763
2026-06-10 21:01:56.470454,192.168.1.22,142.250.190.46,974,9482,13,44,2271978,486.4467173594144,354.41073543332476,402.72794390150153,375.39133909208357,4602.157239198619,25.08827110121665
2026-06-10 21:02:56.470454,192.168.1.15,8.8.8.8,1223,45085,40,21,2198395,1348.0956396629194,359.36444012054875,565.5788713416827,848.3941377071371,21064.458388961037,27.747515801300494
2026-06-10 21:03:56.470454,192.168.1.22,1.1.1.1,2972,16127,9,8,1714898,428.392241352752,22.972079998387837,254.99700815102986,160.76860551302212,11137.105530474699,9.913126028486825
2026-06-10 21:03:56.470454,192.168.1.105,13.250.177.223,3981,7328,46,26,4180745,857.7865424721264,424.770797713884,462.6311750941545,181.6888789338017,2705.0202774864288,17.221810945178433
2026-06-10 21:04:56.470454,192.168.1.105,104.21.44.11,974,13799,48,47,4995746,259.97909043582996,44.545689597996414,953.1328461177659,596.2458728799742,2957.1159142198185,19.016178965063478
2026-06-10 21:06:56.470454,192.168.1.105,8.8.8.8,4626,21494,40,48,2134031,1033.2251594559355,461.92343772919924,903.0674218542091,701.659553456107,12239.747220166906,41.23651437115956
2026-06-10 21:10:56.470454,192.168.1.105,1.1.1.1,2793,13935,23,4,1791757,51.634133297634165,460.30905757917014,551.1931652629908,384.16592789957855,9336.087427033912,15.069007683519583
2026-06-10 21:11:56.470454,192.168.1.105,142.250.190.46,221,14023,17,29,3297088,774.9159391763468,309.49585044834464,602.904702771153,1135.207364859897,4320.175864277811,13.951705262340587
2026-06-10 21:11:56.470454,10.0.0.88,8.8.8.8,4056,6684,26,35,4448213,63.030554973922094,16.966590341240348,675.5644394035352,98.66808253861694,2414.452725173008,13.71337208897146
2026-06-10 21:11:56.470454,192.168.1.15,104.21.44.11,4940,3627,9,26,4524318,1127.7518991602378,192.60333669744034,245.8261795056415,1289.587070341584,1893.5450602720675,7.735972581944947
2026-06-10 21:13:56.470454,192.168.1.15,8.8.8.8,2524,3843,13,29,745072,653.7224238439675,318.90685491214356,618.4734809057151,324.77337041489636,8545.482852663905,56.37039104945563
2026-06-10 21:15:56.470454,192.168.1.15,142.250.190.46,3764,39534,18,37,2530838,1419.829390252471,467.66793464376894,829.9100238763334,1266.0277592664959,17108.167334297967,21.731932269074512
2026-06-10 21:17:56.470454,192.168.1.22,104.21.44.11,3734,25513,44,8,168712,281.0790956236396,50.19163271291474,444.900894369258,116.81348942252916,173354.5924415572,308.21755417516243
2026-06-10 21:18:56.470454,192.168.1.22,142.250.190.46,1854,17654,8,13,3771439,908.1657606459341,71.3355385664953,405.31751103465314,356.9220575725395,5172.561454659614,5.5681664213580015
2026-06-10 21:28:56.470454,10.0.0.88,104.21.44.11,4653,22598,37,35,1808429,265.0292571039648,142.86396483640377,118.50648707448188,878.7769557140435,15068.88022698154,39.81356193690767
2026-06-10 21:31:56.470454,192.168.1.15,8.8.8.8,2095,17262,16,47,2427827,562.878231575134,204.09822931203632,202.96257441297087,210.38174472229127,7972.973362599559,25.949130642339835
2026-06-10 21:35:56.470454,192.168.1.15,8.8.8.8,4876,29622,12,25,4471806,1114.3301013383573,270.16779174461755,993.0058788826059,326.5216206936761,7714.556490151854,8.274061978538425
2026-06-10 21:42:56.470454,192.168.1.15,142.250.190.46,428,33331,40,41,264595,1153.0348389775522,71.27450418627541,334.1632709151184,630.3049870109695,127587.44496305674,306.1282337156787
2026-06-10 21:48:56.470454,192.168.1.22,1.1.1.1,3982,23361,5,23,3163806,804.1560428193419,259.47011921165927,758.6932985618562,1067.4677805507026,8642.43888531724,8.850100164169358
2026-06-10 21:49:56.470454,10.0.0.88,142.250.190.46,671,41564,17,43,3907383,768.3916577694416,432.61280868330766,320.51495733908774,1407.985977102998,10809.02486395626,15.355546154548966
2026-06-10 21:50:56.470454,192.168.1.22,13.250.177.223,4978,4818,3,36,2246946,852.9509501951957,265.66223307496824,516.1106428207236,469.53513714512854,4359.695337582657,17.35689242198077
2026-06-10 21:51:56.470454,192.168.1.15,1.1.1.1,1483,16363,19,25,3329436,123.55013872694457,357.1951093581912,11.19637024427602,178.5513120918962,5360.066990325088,13.215451505900699
2026-06-10 21:51:56.470454,192.168.1.15,104.21.44.11,3286,8720,8,12,3303692,1495.6485711207226,301.46472403524666,738.2290549342865,913.2942465516569,3634.116013236101,6.053833105507414
2026-06-10 21:52:56.470454,192.168.1.15,142.250.190.46,4722,10093,48,8,1353682,1201.2108753880277,371.14641913120414,962.974933373104,121.53958044116848,10944.224714519361,41.36865231272928
2026-06-10 21:53:56.470454,10.0.0.88,104.21.44.11,429,2039,37,42,4969832,351.84977861741237,152.6307224000792,412.76604156089525,114.15099396707072,496.59626321372633,15.895909559920737
2026-06-10 21:53:56.470454,192.168.1.15,142.250.190.46,4520,24080,40,7,1646069,1395.94173779749,447.4614716982234,643.451356164937,247.5054800196533,17374.727304869964,28.552873542968126
2026-06-10 21:56:56.470454,192.168.1.22,13.250.177.223,561,43080,40,4,1461207,680.9522785357155,142.40892106700616,697.5576437795975,1047.8037835272544,29866.40496521027,30.1120922634507
2026-06-10 21:57:56.470454,192.168.1.105,142.250.190.46,4447,37071,6,21,368466,92.85138978736819,148.62079258333895,521.4056465953578,489.3928726033107,112677.96757367029,73.27677451922294
2026-06-10 21:58:56.470454,192.168.1.105,8.8.8.8,2632,21104,41,19,1852879,697.966432492254,418.68830108344457,552.1358767603568,1358.0877238114456,12810.334619799782,32.38203897826032
2026-06-10 21:58:56.470454,192.168.1.105,142.250.190.46,4493,37956,16,32,4832674,906.3441109983256,191.54630264216127,956.362992588494,340.8365387813866,8783.749948786117,9.932389397670937
2026-06-10 21:59:56.470454,192.168.1.105,13.250.177.223,3417,31604,35,23,3950918,894.1632346867033,78.48884371596831,847.6868423688996,847.1115930354557,8864.015907189165,14.680132566659191
2026-06-10 22:04:56.470454,192.168.1.22,13.250.177.223,433,21343,27,17,1185873,193.81120227092228,260.5097741459073,860.492954235551,267.40616196326505,18362.843238694193,37.103467234687024
2026-06-10 22:08:56.470454,192.168.1.22,142.250.190.46,793,48005,23,24,437148,735.4798653264675,117.50152577020836,142.34453773143014,99.49710561747887,111628.09849295892,107.51507498604592
2026-06-10 22:08:56.470454,192.168.1.15,1.1.1.1,1762,35578,47,26,167621,1012.9637715669019,241.22065804458725,92.63199593694569,699.2370683025385,222764.450754977,435.5062909778608
2026-06-10 22:09:56.470454,192.168.1.105,8.8.8.8,219,44318,15,21,1284345,1380.4333925209023,203.12388301545283,276.66960053981745,73.13653287435118,34676.81970187138,28.02985179215865
2026-06-10 22:17:56.470454,192.168.1.105,13.250.177.223,2484,29770,30,27,4914604,415.99005847332575,473.07145773673557,833.1001099308978,1030.3776958763954,6562.888891963626,11.598086030939625
2026-06-10 22:23:56.470454,192.168.1.22,1.1.1.1,2290,32021,10,10,4676867,799.7946818335989,353.98421581248306,119.30285711531042,996.0904474434399,7336.321516091863,4.276367063677458
2026-06-10 22:29:56.470454,10.0.0.88,142.250.190.46,3142,23690,13,45,3273564,223.38963992157682,264.4872422411079,771.9221880328753,858.8692360879824,8196.571076661401,17.71769239886558
2026-06-10 22:37:56.470454,192.168.1.22,104.21.44.11,1087,20800,7,20,803204,780.0302971998599,380.38968792887385,154.7171717479281,400.72669363398165,27249.615290760503,33.61537044138226
2026-06-10 22:44:56.470454,192.168.1.15,104.21.44.11,237,29078,31,46,1591144,642.5912702195166,23.72767491919461,518.4052095145464,473.2410933315595,18423.851015370074,48.3928544493773
2026-06-10 22:47:56.470454,10.0.0.88,142.250.190.46,154,25060,18,48,4218760,967.7340844987341,116.63324153265256,178.39694970957208,665.2632156422496,5976.637685006969,15.644407361404774
2026-06-10 22:52:56.470454,192.168.1.22,13.250.177.223,3166,2034,18,49,2184898,1470.01614579709,460.52152724700767,918.4127899527887,645.8073771794088,2379.9738019806873,30.665047063981934
2026-06-10 22:53:56.470454,192.168.1.105,142.250.190.46,3831,45753,22,30,4106115,134.02953425849677,170.9936031449847,640.6202468287629,193.9909234929101,12075.648149162895,12.664038878599358
2026-06-10 22:55:56.470454,192.168.1.105,13.250.177.223,1725,46769,49,40,1631807,349.65650706778956,420.9713690392351,822.5625553122454,730.2907909081758,29717.975226236926,54.54076370551174
2026-06-10 22:58:56.470454,192.168.1.22,1.1.1.1,4592,40910,6,16,4471505,1123.1824845339995,403.10645647045874,274.85069302007395,1013.2013179248825,10175.992199494354,4.920043698933581
2026-06-10 23:01:56.470454,192.168.1.105,1.1.1.1,3301,32177,46,34,4229870,434.5763948070669,113.35668720789097,581.2795165454529,790.8272043811644,8387.49181416923,18.913110804823788
2026-06-10 23:01:56.470454,192.168.1.105,142.250.190.46,3439,11116,32,23,4719885,1297.3954951246726,149.08390308393265,452.2795669343631,1215.8204991062992,3083.761574699384,11.652826287081147
2026-06-10 23:02:56.470454,192.168.1.15,13.250.177.223,4970,49944,16,39,1016738,1215.4616312953012,59.167842868270746,503.86194194764937,213.63950886602697,54009.98093904231,54.09456516821443
2026-06-10 23:03:56.470454,192.168.1.15,1.1.1.1,2303,29371,16,7,2227830,600.7653965967405,91.1228226219765,412.8218801081473,1004.2840582640267,14217.422334738289,10.323947518437224
2026-06-10 23:06:56.470454,192.168.1.22,104.21.44.11,3582,49110,31,13,1524639,645.6507595847196,286.19564391539166,624.0453858063319,1104.3718150833918,34560.31230999601,28.859290625518565
2026-06-10 23:06:56.470454,10.0.0.88,1.1.1.1,2761,28600,24,44,4830442,1067.3932520945984,122.08402974162622,200.84205401463072,410.0296304717507,6492.3665370581,14.077386707054966
2026-06-10 23:08:56.470454,192.168.1.15,1.1.1.1,1679,3402,14,47,3043789,1471.4052768615784,316.22515377206946,608.0835317859604,159.1747047261813,1669.3009929400496,20.040810976056488
2026-06-10 23:11:56.470454,10.0.0.88,1.1.1.1,3513,18463,19,13,743616,494.45103438185816,150.5821941644744,572.3033981650048,442.4813420874317,29552.887511834062,43.03296324984938
2026-06-10 23:13:56.470454,192.168.1.22,13.250.177.223,592,13416,42,33,916202,792.2917121880278,390.7907920020304,565.5573382682048,1118.6863907678355,15289.204782351491,81.85967723274999
2026-06-10 23:14:56.470454,192.168.1.15,1.1.1.1,1413,24471,22,3,2005938,481.60062909151276,379.9287618719721,252.53530240878996,225.51021417052965,12903.68894751483,12.46299736083568
2026-06-10 23:16:56.470454,192.168.1.105,8.8.8.8,2568,31014,5,3,2508933,1376.3971910834807,78.75522145998544,553.4909271887359,468.34071961175607,13384.972815136953,3.188606471356549
2026-06-10 23:20:56.470454,192.168.1.105,8.8.8.8,1249,37421,4,48,1293555,414.3405358712113,113.82969541741024,718.9756743071106,364.1772865954555,29894.3608891775,40.19929573926118
2026-06-10 23:25:56.470454,192.168.1.22,104.21.44.11,1394,17153,5,21,1120974,430.5597348379371,123.04320550757397,766.2744692883708,1166.0624135352632,16545.432811108913,23.19411511774582
2026-06-10 23:27:56.470454,192.168.1.15,104.21.44.11,2086,9756,42,40,3587699,88.51085549007443,399.56676159166443,439.6907655795521,1240.3186591398312,3300.722830984427,22.855875032994685
2026-06-10 23:27:56.470454,192.168.1.22,142.250.190.46,811,45807,23,14,1576674,154.1110362108759,283.0689606149827,110.71393986385826,378.33649027821224,29567.30433811936,23.46712129457326
2026-06-10 23:32:56.470454,192.168.1.22,8.8.8.8,3389,49291,36,6,1371288,272.0321337873248,341.1088443554298,189.98008101773445,966.3380920184043,38416.4376848627,30.62813938428689
2026-06-10 23:32:56.470454,10.0.0.88,104.21.44.11,1786,43613,18,46,894866,1130.102738632764,497.1907169987425,795.9106750933158,360.1484845966402,50732.73540395992,71.51908777403544
2026-06-10 23:41:56.470454,192.168.1.15,1.1.1.1,2865,9034,44,26,2609616,474.60949608055796,254.79628847680365,132.9992292999155,792.3031509394888,4559.674680106192,26.823869872042476
2026-06-10 23:44:56.470454,192.168.1.105,1.1.1.1,579,9406,28,39,644206,619.6922504851873,237.4286797077569,570.5720134257547,1370.9311866077478,15499.700406391745,104.00399872090605
2026-06-10 23:44:56.470454,192.168.1.22,13.250.177.223,1052,29296,42,20,3781363,135.12317040241317,295.6428619239511,322.44609058010695,88.29950452426831,8025.677513637279,16.39620422583074
2026-06-10 23:45:56.470454,192.168.1.22,8.8.8.8,620,22948,12,35,379251,193.71891600876504,478.9873657832452,747.145292753804,988.5619027746636,62143.5408212503,123.92848008311118
2026-06-10 23:53:56.470454,10.0.0.88,104.21.44.11,112,19583,4,30,2231966,675.7571507546271,381.6078497473145,808.3326786775617,1194.2944341741534,8824.059147854403,15.233206957453653
2026-06-10 23:55:56.470454,10.0.0.88,142.250.190.46,2612,18744,9,12,1837191,58.723397818331804,401.1779432723625,670.1043651326027,979.4274224475939,11624.26769998329,11.430493617702242
2026-06-10 23:57:56.470454,192.168.1.22,13.250.177.223,2643,27384,26,23,613107,1348.5769445664073,109.94663625884246,798.2282463758618,742.2856213285128,48975.138108030085,79.9207968592758
2026-06-10 23:58:56.470454,10.0.0.88,13.250.177.223,1221,2320,26,37,4830865,84.90942109642124,200.08052464733316,109.90741624005385,136.85398792505038,732.9950226305226,13.041142735307238
2026-06-10 23:59:56.470454,192.168.1.15,104.21.44.11,4466,35330,13,32,4374028,136.05657868137467,208.0100353295677,542.7008942783865,317.84086369264406,9098.249942615823,10.287999985368177
2026-06-11 00:00:56.470454,192.168.1.15,13.250.177.223,2641,19065,4,30,2225823,697.4344678694067,227.1304530403697,441.39233098550994,1035.954585324737,9751.8985112473,15.275248750686824
2026-06-11 00:01:56.470454,192.168.1.15,13.250.177.223,1830,47151,9,26,4875008,676.7890238552532,173.9304285516154,550.5267436908007,301.3422734724764,10047.368127395894,7.179475397783962
2026-06-11 00:02:56.470454,192.168.1.105,8.8.8.8,2779,43933,18,43,3938431,1003.3655090460579,361.350509657325,459.0025801851715,641.280459449452,11860.560715675862,15.488401345611996
2026-06-11 00:05:56.470454,192.168.1.105,8.8.8.8,1196,25110,31,40,2527530,1103.5208074376173,157.84880911860975,156.35420765152904,730.0285057256154,10407.789422875298,28.090665590517222
2026-06-11 00:07:56.470454,192.168.1.105,142.250.190.46,1545,37362,37,47,2602663,306.51371758585606,450.20447859411905,755.3040160901256,782.1611043454828,14948.919625783283,32.27463563281147
2026-06-11 00:08:56.470454,192.168.1.105,1.1.1.1,902,17782,31,38,2797358,959.4243035495721,311.0141897866479,100.45085364162867,987.6652157757782,6679.159406840311,24.66613139969929
2026-06-11 00:10:56.470454,192.168.1.105,13.250.177.223,1240,45636,34,42,4187233,458.84353854953116,64.50310109698972,982.6415658379915,1047.7511903874927,11194.98246216535,18.150411023222258
2026-06-11 00:11:56.470454,192.168.1.15,8.8.8.8,2748,30805,21,25,1304630,895.5498202700246,283.10968224854474,921.9726450755036,956.5966263738375,25718.402918835225,35.259038961238055
2026-06-11 00:12:56.470454,192.168.1.22,8.8.8.8,3067,10833,43,23,952159,300.10253407968344,373.84781768377354,870.1237397040046,274.14335721314853,14598.402157622835,69.31615412971993
2026-06-11 00:14:56.470454,192.168.1.15,8.8.8.8,191,32426,24,38,2451463,1448.1559544592144,376.2351350333771,783.3419560687465,1188.7920811166998,13305.11616940578,25.291020096978826
2026-06-11 00:22:56.470454,192.168.1.22,142.250.190.46,4215,1900,14,16,3882250,1271.4490805549053,133.61135264539826,232.7860932685312,434.64922554137854,1575.117522055509,7.727477622512718
2026-06-11 00:23:56.470454,192.168.1.22,142.250.190.46,3709,14855,27,35,4507405,1435.9985263792853,73.88439575464847,488.02401493511996,169.2362169936815,4118.5560205927795,13.755142925918571
2026-06-11 00:23:56.470454,192.168.1.22,142.250.190.46,4150,45786,30,32,4345335,1261.9565362465012,444.0272795987359,462.3069356961192,1123.8406248294198,11491.864263629846,14.268174950838082
2026-06-11 00:29:56.470454,192.168.1.105,8.8.8.8,3091,31146,38,3,3934016,81.83111246807292,233.81531520087083,39.06080179501447,1356.7835608153678,8702.811579820722,10.421919992191185
2026-06-11 00:30:56.470454,192.168.1.15,13.250.177.223,2013,14625,39,44,3257562,402.9275040415909,283.97904546433494,810.0247887473944,1177.1433149326667,5107.500640049215,25.479177372525832
2026-06-11 00:31:56.470454,192.168.1.105,142.250.190.46,125,39599,3,38,3885782,59.31167478679489,459.3702054778267,533.2093323375966,830.9636928257478,10222.910086052178,10.551286716547661
2026-06-11 00:34:56.470454,192.168.1.105,8.8.8.8,2882,8701,21,40,511146,451.59678082628244,369.7290341474098,919.0049384371792,491.1609993265374,22660.84445540022,119.33967985663588
2026-06-11 00:34:56.470454,192.168.1.15,104.21.44.11,2794,48159,16,8,1475996,1231.2151353868983,343.59526547330904,221.1703471284576,230.78726270585616,34521.096263133506,16.26020666722674
2026-06-11 00:36:56.470454,192.168.1.22,142.250.190.46,3892,38515,19,32,3634946,1465.4565696389514,209.07804252995982,789.754829603784,877.2108968043765,11666.473174567105,14.030469778643205
2026-06-11 00:36:56.470454,10.0.0.88,1.1.1.1,1706,46409,40,46,4594354,773.2537286811848,110.49251535738831,807.6322488275208,798.8363610965546,10472.636631831156,18.718627254234217
2026-06-11 00:40:56.470454,192.168.1.22,8.8.8.8,3213,20699,41,43,2501274,873.3657298069556,55.250434782545234,448.06900598034156,988.6893499652085,9559.92826055842,33.582886161212244
2026-06-11 00:45:56.470454,10.0.0.88,142.250.190.46,3049,41189,37,37,3749862,405.5425626971056,439.01763650702304,10.098435631468401,930.6830416860975,11797.234138216287,19.734059546724655
2026-06-11 00:46:56.470454,192.168.1.15,8.8.8.8,3571,44781,14,25,857171,359.48104863140316,34.65027896603078,930.0090815266617,1397.7353825142293,56408.814577254714,45.49850613238198
2026-06-11 00:46:56.470454,10.0.0.88,8.8.8.8,362,3223,48,36,1198676,140.79666073472634,169.07246941921613,535.1598867043538,320.29715626555753,2990.799849166914,70.07731864156786
2026-06-11 00:48:56.470454,192.168.1.15,1.1.1.1,1754,40624,19,47,4130866,393.1600015997811,457.31075329404086,352.5052496288204,888.8131843369995,10258.865816514019,15.977279340457908
2026-06-11 00:50:56.470454,10.0.0.88,142.250.190.46,4486,38482,9,18,233698,1051.0217172537843,99.20252208572383,325.97360626239765,945.7335509966886,183861.22260353106,115.5337230100386
2026-06-11 00:51:56.470454,192.168.1.105,104.21.44.11,1989,40259,18,38,3735196,716.7615273105632,475.6060251915631,192.87197203815114,319.3624465400408,11310.785297478365,14.992519803512318
2026-06-11 00:53:56.470454,192.168.1.15,1.1.1.1,1248,521,9,34,4449043,631.9087893115264,183.34072719132288,171.02452333672574,757.5014751991926,397.6135991493002,9.664999866263376
2026-06-11 00:53:56.470454,10.0.0.88,8.8.8.8,3651,8964,6,32,1291933,934.6086087013994,272.2431814548262,124.87317242046005,116.31365077505643,9764.438248732713,29.413290008073176
2026-06-11 00:55:56.470454,192.168.1.105,13.250.177.223,197,27975,21,14,3291093,176.65835751913997,255.42980829347377,553.2191446877684,374.1327587329743,8560.074115195164,10.634764803060868
2026-06-11 01:01:56.470454,192.168.1.105,104.21.44.11,245,13387,34,42,399500,155.527972672254,74.86976442220625,80.40433863463834,1248.384231601627,34122.6533166458,190.2377972465582
2026-06-11 01:06:56.470454,192.168.1.105,1.1.1.1,4326,33811,36,45,2461402,1240.7893183570534,82.05310035000151,564.8096830817327,1064.3800252874917,15494.01519946762,32.9080743413713
2026-06-11 01:06:56.470454,10.0.0.88,104.21.44.11,817,45830,46,27,1584290,1193.9188006885195,137.79319111482084,627.1767202214846,706.5267459235325,29443.473101515505,46.07742269407748
2026-06-11 01:06:56.470454,192.168.1.105,13.250.177.223,2932,6931,4,8,2368246,1494.9246371839752,136.4852574860879,402.1405225658457,87.04178750401418,4164.685594317482,5.067041177310127
2026-06-11 01:17:56.470454,10.0.0.88,142.250.190.46,3295,25551,25,21,3851651,224.47684789062274,70.18227220331732,302.19417995124746,890.930395517859,7489.255906103643,11.942930447228994
2026-06-11 01:21:56.470454,192.168.1.15,142.250.190.46,2272,28366,26,24,2310904,502.48442341169994,495.49207779172383,806.3500668728883,64.24158390223661,13258.015045194436,21.63655435275546
2026-06-11 01:21:56.470454,192.168.1.15,104.21.44.11,1532,6592,44,27,3406281,830.1411300574858,487.5255152579124,128.44530529281118,868.446668779462,2385.005817194765,20.84384699911722
2026-06-11 01:24:56.470454,192.168.1.22,8.8.8.8,4099,31353,11,47,4641119,1464.0373153847531,155.2816215857557,348.3825977985797,1358.6967812046537,7638.6750695252595,12.496986179410612
2026-06-11 01:30:56.470454,10.0.0.88,104.21.44.11,189,44015,4,9,4244006,1418.8870939198675,10.873170384511228,807.6974401746882,1095.8791710039652,10415.630892133519,3.0631436430579977
2026-06-11 01:31:56.470454,10.0.0.88,8.8.8.8,4654,5132,13,29,3614620,186.20688917939546,493.0366435213128,475.01409930519026,459.4250751401881,2707.3385307445874,11.61947867272355
2026-06-11 01:36:56.470454,10.0.0.88,104.21.44.11,3052,2974,41,27,1731735,613.0963439878261,291.612964826647,611.6150938996684,212.11613672204712,3479.7471899568927,39.2669779152122
2026-06-11 01:46:56.470454,192.168.1.15,142.250.190.46,2341,18195,46,23,3614110,192.26796986325655,412.6692999208192,961.7499912172028,1435.9877360997891,5682.173481161337,19.091837271140058
2026-06-11 01:47:56.470454,192.168.1.22,104.21.44.11,3414,20929,14,20,3924336,666.9294625791248,108.31655249778554,897.8770179892224,1158.3442614667854,6203.087605138806,8.663886068878915
2026-06-11 01:48:56.470454,192.168.1.15,8.8.8.8,208,25361,12,13,4854130,316.08510787731086,115.38209424103405,945.1061204859836,1262.5234205547629,5267.473265034106,5.150253495477048
2026-06-11 01:49:56.470454,192.168.1.15,13.250.177.223,3736,33568,8,31,1594926,258.5580021270408,471.84224306841054,119.19454777887316,969.0240399902876,23389.172914605442,24.45254513375542
2026-06-11 01:51:56.470454,10.0.0.88,13.250.177.223,4900,41662,25,27,1500281,806.958345612434,335.93900137526543,465.80515455278254,625.033752645312,31035.519346042507,34.66017366080088
2026-06-11 01:51:56.470454,192.168.1.22,104.21.44.11,2696,21031,46,32,1516726,807.0560918342703,289.6019042188039,549.1715309792089,985.5898299935616,15643.563834206047,51.42655957635064
2026-06-11 01:55:56.470454,192.168.1.15,1.1.1.1,4879,13776,28,39,2181539,985.0351148688586,281.881656159985,339.80765452123626,1169.1168266173247,8551.302543754662,30.712263223348288
2026-06-11 01:55:56.470454,192.168.1.15,1.1.1.1,829,12431,30,4,2486422,1101.0199694288915,361.9561537429128,841.1088150891952,489.18025264417156,5332.964396228797,13.674267682637943
2026-06-11 01:58:56.470454,10.0.0.88,13.250.177.223,3161,16422,32,12,1594744,323.42613405436146,194.5654667518028,368.99440488535424,244.30133735933398,12279.7138600302,27.590635236752735
2026-06-11 02:01:56.470454,192.168.1.105,142.250.190.46,4517,7792,31,24,3045058,209.2772251625835,236.9354321530359,149.5570664122437,910.5317981969772,4042.287536066636,18.062053333631084
2026-06-11 02:03:56.470454,192.168.1.15,8.8.8.8,1383,17806,12,12,432715,957.2941632962014,262.71607818330267,426.34919651728796,1224.092954669626,44345.58543151959,55.46375790069676
2026-06-11 02:09:56.470454,10.0.0.88,13.250.177.223,910,20087,30,33,4244703,970.3895235697654,256.13893113508215,358.18707756996906,1273.3428216300456,4946.635842366356,14.84202781678718
2026-06-11 02:11:56.470454,192.168.1.105,13.250.177.223,2473,4410,19,41,4180184,195.49376113206063,297.2473648231412,675.2757896477469,747.3132854927819,1646.5782367474735,14.35343515979201
2026-06-11 02:13:56.470454,192.168.1.22,104.21.44.11,4593,25517,41,34,346256,625.9365706766715,227.86629709542316,559.1178999413585,61.413008454149924,86958.78194168476,216.60274478998198
2026-06-11 02:14:56.470454,10.0.0.88,1.1.1.1,4938,29052,32,3,4605904,42.93683344592385,212.44843874134074,21.457117678547995,1231.103208281794,7379.658803136149,7.598942574573852
2026-06-11 02:15:56.470454,192.168.1.105,1.1.1.1,3315,25038,36,8,4244482,1196.23765535973,308.88941801046315,41.309842885222736,526.0561455773701,6679.967072542657,10.366400422949138
2026-06-11 02:18:56.470454,192.168.1.22,104.21.44.11,2825,6006,19,34,1262733,578.8329703812984,435.06348597397755,896.4245518676499,1030.545019531736,6993.560792344858,41.97245181681321
2026-06-11 02:21:56.470454,192.168.1.22,1.1.1.1,1731,39080,26,44,1878335,1068.360324097392,57.69439458874145,219.56286944681705,57.72093154745671,21727.2211825899,37.26704767786364
2026-06-11 02:22:56.470454,192.168.1.105,142.250.190.46,1809,29869,45,31,1315716,1429.8379940068244,402.01444992519254,802.5025892484604,340.4249173443825,24076.624438708655,57.76322549851183
2026-06-11 02:26:56.470454,10.0.0.88,104.21.44.11,4789,7452,42,8,4835842,637.8529552391652,141.0497915370391,230.65555705277546,1147.8132826880458,2531.3068541114453,10.339461049389124
2026-06-11 02:33:56.470454,192.168.1.105,104.21.44.11,1743,19366,44,39,3538516,1052.1638436707567,239.07126932381388,947.1364607535802,1191.8491005341411,5965.495139770457,23.45616071822199
2026-06-11 02:33:56.470454,192.168.1.22,13.250.177.223,2139,43790,42,41,4834123,1037.8859638540998,213.09386103037565,828.8748116926364,1050.9175202589454,9500.999457398995,17.16960863428589
2026-06-11 02:35:56.470454,192.168.1.105,142.250.190.46,2980,30220,15,21,2306023,1289.384932231856,176.63094046220564,148.17229746845788,1170.3617799671458,14397.081035184818,15.611292688754622
2026-06-11 02:35:56.470454,10.0.0.88,104.21.44.11,3309,9934,16,36,3661330,960.7054421640493,473.98800662565407,523.1717136800219,1351.292752585693,3616.9916396500726,14.202489259367498
2026-06-11 02:35:56.470454,10.0.0.88,13.250.177.223,1530,4671,10,28,2263736,649.296092738467,303.044691176712,908.1299415697043,155.72621679716167,2739.2770181681963,16.78640972268851
2026-06-11 02:40:56.470454,192.168.1.105,1.1.1.1,2608,37701,29,40,4211799,316.5429930680668,171.03245902007632,388.5518551637774,820.7989733943961,9570.494698346241,16.382548170033754
2026-06-11 02:41:56.470454,192.168.1.105,104.21.44.11,275,20978,19,21,4344390,502.6589457032112,443.26888741336086,431.33081485727257,1416.5420396563688,4892.056192008545,9.207276510626349
2026-06-11 02:47:56.470454,192.168.1.15,1.1.1.1,3382,48729,32,5,1745669,201.92738218052463,116.09589598517779,790.4160299520562,639.0307727513915,29851.59271316613,21.195312513426085
2026-06-11 02:47:56.470454,192.168.1.22,104.21.44.11,2992,1225,49,23,574734,771.5782452282347,391.39533299807164,547.085197222218,1441.920787443383,7337.3073456590355,125.27534476818842
2026-06-11 02:49:56.470454,192.168.1.105,1.1.1.1,3180,33519,17,17,4815200,348.0677802832699,384.5329263978545,20.64756263065829,1421.5547368075943,7621.490280777538,7.060973583651769
2026-06-11 02:57:56.470454,192.168.1.15,13.250.177.223,1052,9917,27,21,4405966,1355.1770448861928,262.5895014967432,714.3995661820933,760.3772002866156,2489.57890278772,10.894319202644777
2026-06-11 02:58:56.470454,192.168.1.22,1.1.1.1,164,28040,38,29,2723520,228.54310023836112,76.02872816195126,414.09548126545894,71.53288789941999,10355.716132064386,24.600516978028434
2026-06-11 02:59:56.470454,10.0.0.88,1.1.1.1,1053,20593,48,39,809684,1178.4200254830619,392.96741509193555,910.6333950456194,1449.0491784215676,26733.88630626269,107.44932590986113
2026-06-11 03:00:56.470454,192.168.1.15,13.250.177.223,2688,28065,30,3,3917886,803.9893952956753,195.01261517439792,183.53242771992777,768.739056599505,7849.38612302655,8.422909701813682
2026-06-11 03:06:56.470454,10.0.0.88,1.1.1.1,1847,47264,24,42,3408852,968.4734744101702,73.103902508223,968.5761887428315,956.2335004307691,14406.902969093408,19.36135684388762
2026-06-11 03:09:56.470454,192.168.1.105,13.250.177.223,3949,27841,24,4,225839,1104.6100537456439,318.6923579106368,762.7891777343384,761.5202819797385,140763.99558977855,123.98212886171122
2026-06-11 03:09:56.470454,192.168.1.15,142.250.190.46,4778,20597,18,5,1947588,321.6853472484764,80.33092532787273,123.36176177397627,268.566068286304,13028.936304803685,11.809479212235852
2026-06-11 03:13:56.470454,10.0.0.88,142.250.190.46,4405,9777,46,5,2123167,883.2571055092535,59.24452674032043,932.0806126606745,243.25036782586528,6679.644135388314,24.02071999046707
2026-06-11 03:16:56.470454,192.168.1.22,142.250.190.46,2903,13854,17,30,3811057,1314.7437696279458,445.02334335270456,903.2783314216878,1155.7790857990824,4396.942895369973,12.33253661648199
2026-06-11 03:24:56.470454,192.168.1.105,8.8.8.8,2630,31760,15,46,1573682,1114.8662727862702,417.9198148773124,705.5603266777199,649.2871997069628,21853.207954338934,38.76259625515193
2026-06-11 03:29:56.470454,192.168.1.15,8.8.8.8,690,16765,22,49,3228733,407.6611848459428,379.1708366500347,773.5573180140431,267.7098010663876,5406.14538272443,21.990049966968467
2026-06-11 03:33:56.470454,192.168.1.15,104.21.44.11,3489,14551,26,20,877814,376.56620103065103,414.1721431711321,770.8696363291473,1286.5125530613764,20551.05067816189,52.402900842319674
2026-06-11 03:34:56.470454,10.0.0.88,104.21.44.11,3323,28140,23,41,1700880,490.2973471985851,434.1187349874454,427.29877706706617,849.2461707804425,18498.071586472885,37.62758101688538
2026-06-11 03:36:56.470454,192.168.1.15,104.21.44.11,3465,28554,33,18,2362815,1350.811911943075,244.62152541920727,345.10885182385897,1027.4178083182192,13551.209045143189,21.584423664146367
2026-06-11 03:38:56.470454,10.0.0.88,104.21.44.11,747,28717,3,44,4456731,1360.0455170872565,256.0299339707627,257.1084260000023,393.7832351552566,6611.1237137713715,10.545846271628239
2026-06-11 03:40:56.470454,192.168.1.22,104.21.44.11,4574,35959,42,48,3101163,310.3824472272686,270.4049827703553,603.8923176670236,958.2653897090976,13070.257835528155,29.02137036976128
2026-06-11 03:41:56.470454,192.168.1.105,104.21.44.11,3142,11532,22,38,1634496,1363.683704636448,421.9351098971771,210.34796583527284,1108.6382806106337,8977.690982419046,36.70856337366381
2026-06-11 03:41:56.470454,192.168.1.22,1.1.1.1,2211,6870,42,20,1821365,1359.4819934720806,399.1659559661733,896.2342957870928,365.4520810793015,4985.8210737551235,34.04040376311173
2026-06-11 03:42:56.470454,10.0.0.88,1.1.1.1,3184,2296,9,5,4376610,1318.2784579321385,168.13222998182778,418.5405740404212,1297.4300243132923,1252.1106518515471,3.198822833197383
2026-06-11 03:46:56.470454,192.168.1.105,8.8.8.8,4087,9756,6,17,3639077,249.0346799113532,358.7419311728089,43.205108163400126,773.4345797083313,3803.986560328347,6.320283962114569
2026-06-11 03:55:56.470454,192.168.1.15,8.8.8.8,4577,42419,44,40,3782454,1306.1911465935352,435.94699821538876,113.75305122767939,244.44032816416575,12424.73801399832,22.20780477436077
2026-06-11 03:56:56.470454,192.168.1.15,142.250.190.46,2281,2541,49,10,812309,412.35675611865804,412.62843731312984,480.91470177683897,1195.50756272549,5936.164686098517,72.63245883032197
2026-06-11 04:01:56.470454,192.168.1.105,142.250.190.46,828,46761,3,31,1835805,209.6068026658484,347.5969398345852,397.6887479186579,211.03142278250363,25922.687867175435,18.520485563553866
2026-06-11 04:02:56.470454,192.168.1.22,142.250.190.46,4967,29044,34,26,3141182,1259.1822928253412,247.66547345488345,778.166267334606,566.5294836814222,10827.45285055116,19.101089971864095
2026-06-11 04:03:56.470454,192.168.1.15,1.1.1.1,3421,42177,44,37,4484027,784.1240168322046,63.788472528302,82.86425242724897,486.0744680046412,10168.984263475666,18.064119596068444
2026-06-11 04:04:56.470454,10.0.0.88,13.250.177.223,868,44451,12,22,3787673,144.00969648117868,297.3469332462937,950.5741135299718,1215.0268637310664,11964.866027241529,8.976487674622387
2026-06-11 04:06:56.470454,192.168.1.105,142.250.190.46,1370,39717,4,33,4776608,1219.3742519819266,267.47212743517144,912.9326870108708,226.79367188461532,8601.710669998458,7.7460825757525
2026-06-11 04:10:56.470454,192.168.1.22,1.1.1.1,1941,29678,8,25,3360947,495.25952692230504,283.3063544349963,677.0692874226254,113.26673740772367,9407.76513286285,9.818661228516843
2026-06-11 04:19:56.470454,10.0.0.88,104.21.44.11,2605,36382,10,47,2443391,748.7890454706641,356.01544048420106,723.3114092381678,1062.6912242935687,15956.103628113551,23.328235227190408
2026-06-11 04:19:56.470454,192.168.1.105,142.250.190.46,695,46167,37,34,1731066,978.9260867066599,18.75436639030581,675.7445867820305,1376.3617109602185,27071.180417153362,41.01518948439863
2026-06-11 04:20:56.470454,192.168.1.105,1.1.1.1,592,32438,44,29,2033366,43.21617461527233,344.66536934515733,942.563120583193,75.22715055074528,16244.001325880337,35.901062573093085
2026-06-11 04:20:56.470454,192.168.1.22,13.250.177.223,3605,17236,26,15,3822366,1290.4908151026598,56.66127854264221,849.4045170778518,1144.6852181446386,5452.382110975244,10.726340701021304
2026-06-11 04:24:56.470454,192.168.1.22,142.250.190.46,4819,40569,40,18,3315154,1017.6160099037846,474.56540524616304,515.1575277534149,1302.8226126892039,13691.068348559373,17.49541650252145
2026-06-11 04:25:56.470454,192.168.1.15,1.1.1.1,4461,2774,36,28,2053597,1135.0481095488033,84.9724105584152,798.6059538899957,1152.510428330984,3523.0865646959946,31.164829321429668
2026-06-11 04:31:56.470454,192.168.1.22,142.250.190.46,4119,4399,41,49,3180046,1055.2037429915272,146.19244977212773,253.82446369321434,1402.9247454204146,2678.5776054811786,28.301477400012452
2026-06-11 04:31:56.470454,192.168.1.105,104.21.44.11,4503,44495,48,5,3992848,1034.0157006642653,95.98117344275535,155.0953015857858,717.0463528044187,12271.441337110755,13.273733435382464
2026-06-11 04:35:56.470454,192.168.1.15,1.1.1.1,2846,19647,20,26,2740698,565.9970998874884,310.02676484713845,976.5388961929074,925.897688288142,8207.033390763958,16.78404552416939
2026-06-11 04:37:56.470454,192.168.1.22,142.250.190.46,2718,29574,30,45,3419909,340.03078671786284,376.93076095387903,813.7643430601479,362.2605836791762,9442.356507146827,21.930408089805898
2026-06-11 04:42:56.470454,192.168.1.105,104.21.44.11,1485,2376,49,8,4806466,153.20825198036752,413.6369473737805,977.1030798329767,264.52198405695196,803.2928975259576,11.859024905200618
2026-06-11 04:46:56.470454,192.168.1.22,13.250.177.223,4173,5112,45,34,512740,988.794332277766,176.24922023023058,831.8941927451637,607.2943302718372,18108.59304910871,154.07418964777472
2026-06-11 04:47:56.470454,10.0.0.88,13.250.177.223,727,14693,3,22,2200099,1444.7269501592375,186.11861887001632,199.68025149877442,745.644662970786,7008.775514192771,11.36312502301033
2026-06-11 04:53:56.470454,192.168.1.15,1.1.1.1,3195,46933,7,17,2454125,1293.5836718980895,386.9759840793153,569.2690849803063,126.62602980677312,20426.01741965059,9.779452961849946
2026-06-11 04:58:56.470454,192.168.1.105,104.21.44.11,2793,29866,25,37,1955764,82.46704002524699,203.85387484612917,445.5575663882499,735.899975478803,16698.845054924826,31.701166398399806
2026-06-11 05:03:56.470454,192.168.1.15,8.8.8.8,2492,48612,19,33,4399011,523.4669245249527,440.21094129523027,883.5250582678137,1447.1284889491742,11617.156674534344,11.820838820362123
2026-06-11 05:08:56.470454,192.168.1.15,13.250.177.223,584,49879,45,22,815282,868.3274109167977,433.85843519380245,604.0733134227355,1210.4570502577299,61896.374505999156,82.1801536155588
2026-06-11 05:14:56.470454,192.168.1.105,8.8.8.8,3148,31543,44,17,3774968,864.7680470347702,182.78485400431273,33.284402941420694,1361.386468820055,9189.746774012388,16.15907737496053
2026-06-11 05:27:56.470454,10.0.0.88,8.8.8.8,4848,31300,8,29,1026468,578.191446570571,465.52031715529273,564.1685625212086,246.3488752576067,35215.905415463516,36.04593616167285
2026-06-11 05:29:56.470454,192.168.1.15,142.250.190.46,2916,13907,16,9,2222128,431.2618817532268,32.9508895750888,179.1831923322507,188.08993668735167,7570.670996450249,11.250477020225658
2026-06-11 05:45:56.470454,192.168.1.15,13.250.177.223,2375,43221,28,44,2082308,443.2040368192103,229.69865210416208,178.47294079138322,1455.9816653244861,21896.85675702154,34.57701742489584
2026-06-11 05:49:56.470454,192.168.1.22,1.1.1.1,1014,20630,4,7,1439657,382.40589089342893,128.4537544643915,787.7395058958442,654.2791042923606,15034.136603371498,7.640708863291743
2026-06-11 05:50:56.470454,192.168.1.15,13.250.177.223,969,45579,26,46,1292855,1231.1922521385584,67.10331463043694,945.6706651367648,1276.3136864290052,36004.03757575289,55.69070003983432
2026-06-11 05:58:56.470454,192.168.1.22,13.250.177.223,2556,34772,22,33,587204,1244.0152597624447,36.52770965547042,738.4986490127386,1483.8395574305935,63569.049257157654,93.66421209664784
2026-06-11 06:00:56.470454,192.168.1.105,104.21.44.11,4831,13094,8,30,2851057,563.9900275318539,129.2354922812827,220.7745119802974,205.63010284336445,6287.141926660885,13.328390137412194
2026-06-11 06:01:56.470454,192.168.1.15,142.250.190.46,2862,26760,46,34,618096,1003.892490725365,496.8518964806666,177.64636624175367,1473.0081828589944,47924.594237788304,129.42973259817245
2026-06-11 06:04:56.470454,192.168.1.15,13.250.177.223,4709,44266,48,44,1534354,418.17529849003955,264.9513176724704,863.8584254153989,638.4205442347723,31918.970459229095,59.960087437449246
2026-06-11 06:08:56.470454,192.168.1.105,13.250.177.223,956,17353,23,45,1358074,942.4105455634307,97.87047354634163,123.58832248126568,1447.8446875214913,13481.592313820896,50.070909243531645
2026-06-11 06:09:56.470454,192.168.1.15,104.21.44.11,4459,44140,47,7,1010671,62.419055932346325,191.4030837781973,530.520767027729,1029.0427238301374,48085.87562124568,53.42985006990405
2026-06-11 06:10:56.470454,192.168.1.22,1.1.1.1,3032,30627,17,20,3290677,984.6047806107528,97.70856400479934,215.91442021975752,579.319660180651,10228.594298376898,11.243886896222266
2026-06-11 06:16:56.470454,10.0.0.88,8.8.8.8,4192,28934,47,18,2460802,664.1146353742387,448.0167733006983,244.3774148221165,248.89968005276071,13461.465002060304,26.414152784336164
2026-06-11 06:18:56.470454,192.168.1.22,13.250.177.223,3556,14983,10,48,351936,1271.1046985222433,164.13982060165432,689.4977630104854,829.8707305803371,52677.19130751045,164.80269139843605
2026-06-11 06:18:56.470454,10.0.0.88,8.8.8.8,1340,36845,40,41,3881403,1208.2691503023102,201.9191346174588,452.9977432607474,542.0081890212023,9837.937467456999,20.86874256551046
2026-06-11 06:24:56.470454,192.168.1.22,104.21.44.11,2981,13796,21,11,2968089,1203.3748679962957,73.45713468072861,516.8521637733254,157.02914352346426,5652.458534767657,10.781347863894917
2026-06-11 06:26:56.470454,192.168.1.22,104.21.44.11,4907,38121,35,4,1110273,821.650938869659,267.86261677832175,797.9976071393679,1079.025588875351,38754.43246841092,35.12649591586934
2026-06-11 06:27:56.470454,192.168.1.15,142.250.190.46,1706,20126,12,6,4667088,483.45481054737627,93.49322283715426,25.27506112829787,91.3061244791507,4677.863370050019,3.856794643683599
2026-06-11 06:29:56.470454,192.168.1.22,13.250.177.223,1751,37063,43,15,967727,812.51720230042,315.21564029748515,643.8850933831314,738.0973312181717,40108.4190066,59.934258318720055
2026-06-11 06:30:56.470454,192.168.1.105,8.8.8.8,2085,7192,20,45,4783839,1147.8518142740338,147.22450502988602,468.578323973388,993.3716766863022,1939.2375036032774,13.587413790472462
2026-06-11 06:34:56.470454,192.168.1.105,1.1.1.1,736,4837,44,22,1504326,1076.518979673266,56.33274223565365,720.7703053020164,637.9380756646148,3704.6491252560945,43.87346891564727
2026-06-11 06:36:56.470454,10.0.0.88,13.250.177.223,4346,23088,21,13,2590352,392.396890229837,259.29031625132023,65.36374687512426,655.2911703245478,10590.838619616175,13.12562925810855
2026-06-11 06:37:56.470454,192.168.1.15,1.1.1.1,1786,40718,34,16,4891991,444.00489800669936,454.75070741552565,596.6606407019476,438.87136297014894,8688.486957559815,10.220787405373395
2026-06-11 06:39:56.470454,192.168.1.15,1.1.1.1,3973,19561,10,19,2090227,258.7102487989547,117.56779654304043,998.4244185527756,1311.6678730678786,11259.064206901929,13.874091187225119
2026-06-11 06:47:56.470454,192.168.1.105,104.21.44.11,3877,19113,38,32,3614747,247.3400826654398,97.94241714470499,641.5041366697352,1419.7488911500532,6360.057840839207,19.36511739272486
2026-06-11 06:49:56.470454,192.168.1.15,1.1.1.1,3839,36138,11,48,2330323,792.3269791735113,32.14813413458211,673.053199949013,501.2783941939043,17155.132571750783,25.31837861103375
2026-06-11 06:53:56.470454,192.168.1.22,1.1.1.1,4242,21440,22,32,1945484,1494.1467702421266,302.0614937140815,671.6965225499791,1387.0283390327822,13200.828174377173,27.756589105847183
2026-06-11 06:55:56.470454,192.168.1.105,8.8.8.8,3048,9851,23,43,717207,1411.9561810437333,168.09599897983443,86.96094726170246,986.1044750674002,17985.0447639245,92.02364171013389
2026-06-11 06:56:56.470454,192.168.1.22,104.21.44.11,4084,16645,41,25,1351284,1042.0904705867024,39.00183067883305,98.39915591679726,635.6356704047527,15340.22455679191,48.84243430692586
2026-06-11 06:57:56.470454,192.168.1.22,142.250.190.46,3666,32720,15,37,4490669,987.0360461154223,432.1476576698059,502.32180925329965,1479.8201990827558,8102.5789253227085,11.579566429857111
2026-06-11 07:00:56.470454,192.168.1.15,13.250.177.223,4609,25637,33,10,3711446,902.2750864925274,246.81205475483637,982.6953241853065,624.5348632296309,8149.3843639379365,11.58578085199138
2026-06-11 07:01:56.470454,192.168.1.22,13.250.177.223,2885,45155,8,7,2420796,1421.8206856021204,409.7891965658602,685.9785976255088,231.8648018724324,19844.712235149098,6.196308982665205
2026-06-11 07:06:56.470454,192.168.1.105,142.250.190.46,3493,3350,49,5,718646,96.17109539351057,46.255988482630876,947.5491286682138,94.36171350244115,9522.073454802503,75.14130740308859
2026-06-11 07:10:56.470454,192.168.1.105,13.250.177.223,1666,39273,5,23,290407,1077.6086670335208,466.8668043539316,239.32344003469376,984.802433521448,140971.11984215255,96.41640869538269
2026-06-11 07:11:56.470454,192.168.1.105,13.250.177.223,4167,1598,11,17,2286978,743.3520802938549,176.0660031925702,992.6871253129084,863.1968427817319,2520.793816118913,12.243231023647802
2026-06-11 07:11:56.470454,10.0.0.88,1.1.1.1,2480,5862,18,13,4912319,99.82811073521447,271.83551876429294,764.0852852158575,131.23054503325352,1698.1796174067686,6.310665085064712
2026-06-11 07:11:56.470454,192.168.1.105,142.250.190.46,2170,44500,33,7,1148675,1296.3536106992622,192.33088188829146,816.6955873355363,1133.1188466303297,40629.420854462755,34.82273053735826
2026-06-11 07:13:56.470454,192.168.1.15,142.250.190.46,3189,25755,22,24,2461809,555.2794175561573,397.9782518920961,931.1175261713967,334.72699967907636,11757.2078093792,18.685446352661803
2026-06-11 07:13:56.470454,192.168.1.22,1.1.1.1,3980,17119,20,16,587685,357.6130693631235,304.81540217947304,949.892782304148,771.5701555511336,35901.88621455371,61.25730620995942
2026-06-11 07:16:56.470454,192.168.1.15,8.8.8.8,4115,24678,3,34,4986907,1491.7411789181813,337.22656014308626,614.0173123376965,664.5034355910626,5773.719060732434,7.419428515510716
2026-06-11 07:19:56.470454,10.0.0.88,8.8.8.8,3143,39920,39,11,2280716,421.4612877969975,141.421875840521,453.1580621521233,882.8902316562968,18881.35129494422,21.922939989020993
2026-06-11 07:20:56.470454,10.0.0.88,13.250.177.223,1246,31298,21,18,2149467,664.0170818438539,403.7455862794868,556.8109214971824,1020.7954330654184,15140.497621038146,18.1440329160671
2026-06-11 07:23:56.470454,10.0.0.88,8.8.8.8,4249,34532,37,17,2509413,272.6764573590465,443.25650101106487,353.28574355114336,272.35858213915674,15454.211801724148,21.518976748745622
2026-06-11 07:24:56.470454,192.168.1.22,13.250.177.223,2233,15519,45,13,302246,1307.793405360472,470.39073622426974,938.3614131733872,346.9214956738199,58733.614340636435,191.8966669534088
2026-06-11 07:26:56.470454,192.168.1.22,142.250.190.46,2742,41433,9,22,3497891,370.7766907231785,482.32250980422754,52.05562168800127,508.05526200658517,12629.038469180428,8.862483136266967
2026-06-11 07:29:56.470454,192.168.1.105,1.1.1.1,3254,12805,25,43,4013340,767.6180061459149,344.4926885763474,411.49120475114904,838.1854763527415,4001.40531328021,16.943493449346427
2026-06-11 07:37:56.470454,192.168.1.15,13.250.177.223,4327,31774,40,48,2041136,756.7514533006465,447.07797548321884,173.49738921919754,744.2942567348574,17686.71955224934,43.11324674103049
2026-06-11 07:38:56.470454,192.168.1.105,142.250.190.46,2244,48484,22,16,4919075,1316.1414653127615,59.97262766243737,222.62069482793024,678.0716242190055,10312.507941025497,7.725029604143055
2026-06-11 07:39:56.470454,192.168.1.15,142.250.190.46,3384,5809,6,24,1676885,823.3056215224519,151.1344109745182,120.88158511029768,658.5693204372456,5482.188701073717,17.890314481911403
2026-06-11 07:41:56.470454,192.168.1.22,1.1.1.1,372,21406,6,11,105263,743.8280509191884,21.413949494237173,430.7255720962903,1237.1028155737197,206891.31033696551,161.50024225036339
2026-06-11 07:53:56.470454,192.168.1.15,1.1.1.1,2629,49722,28,31,3501389,980.0905888437891,62.57024825093767,328.68282969645924,329.16661101007156,14951.494963855772,16.850455633464318
2026-06-11 07:54:56.470454,192.168.1.15,13.250.177.223,4346,12707,22,17,1046342,1044.1796463893822,231.69985511986482,424.03401195504443,1011.6534724969387,16297.730569928377,37.27270815851796
2026-06-11 07:57:56.470454,192.168.1.105,8.8.8.8,4915,49425,35,17,4052336,1277.700979633328,90.91574261248242,943.9058847657108,176.2879428002401,13409.549454931674,12.832104741561409
2026-06-11 07:57:56.470454,192.168.1.105,8.8.8.8,2524,38001,8,5,1332108,678.265187889392,212.6665743373861,391.9597356074361,385.6010936462281,30421.707549237748,9.758968492044188
2026-06-11 08:04:56.470454,10.0.0.88,1.1.1.1,3527,13848,3,41,1414699,903.1493790294293,425.82022671940143,359.53880715130424,649.4571086394534,12281.764530829527,31.102022409007148
2026-06-11 08:07:56.470454,192.168.1.22,142.250.190.46,4699,49952,26,5,4870911,817.1623883729841,449.0409762322855,674.5009308482801,1334.7985018553254,11219.872422222454,6.364312548515051
2026-06-11 08:12:56.470454,10.0.0.88,104.21.44.11,4760,44028,41,36,3706894,429.31886244180436,281.40975704348705,852.0854563356843,583.4980146919174,13161.423013444679,20.772107322194806
2026-06-11 08:13:56.470454,10.0.0.88,13.250.177.223,3015,49685,6,22,2034388,1084.7253282076658,118.22876506644258,715.7592581506385,968.5404014546825,25904.59637001398,13.763352910064354
2026-06-11 08:15:56.470454,192.168.1.15,13.250.177.223,158,43287,5,36,657088,711.049819564539,46.38904438377675,535.4844990528461,201.38108915136945,66117.47589363981,62.39651310022402
2026-06-11 08:15:56.470454,192.168.1.105,8.8.8.8,587,3050,48,12,4133450,503.2168538260587,271.0346644910603,370.35310342810226,217.18214782677052,879.8945191063156,14.515719314374191
2026-06-11 08:16:56.470454,192.168.1.22,8.8.8.8,1006,39795,43,33,165257,198.19494711801423,271.2581593074635,209.46373939755063,767.0374013294482,246894.23140925955,459.8897474842216
2026-06-11 08:16:56.470454,10.0.0.88,104.21.44.11,3449,28300,26,7,941357,497.9949747892936,346.09749991750476,810.4031911581139,1414.4529578935023,33726.843269875295,35.05577586399209
2026-06-11 08:18:56.470454,192.168.1.22,104.21.44.11,1818,15596,48,48,1164234,758.7276805615013,36.77064800804291,724.7057241398634,272.85462763606336,14957.47418474293,82.4576502661836
2026-06-11 08:21:56.470454,10.0.0.88,104.21.44.11,3825,48649,8,18,750151,1413.2690035435337,32.99059572452572,371.74072491723143,72.63117145701045,69951.24981503724,34.659688516045435
2026-06-11 08:22:56.470454,192.168.1.105,13.250.177.223,3972,8223,45,4,409211,222.19093952669496,356.61322802089245,51.18396231047142,400.4039522792761,29801.251677007705,119.74262666448361
2026-06-11 08:23:56.470454,192.168.1.105,104.21.44.11,1073,26642,43,38,4054476,1132.667872717181,75.47509682235885,752.0522697726807,1223.0528652052637,6835.655211672235,19.97792069801375
2026-06-11 08:23:56.470454,192.168.1.15,142.250.190.46,2079,44227,44,16,4397450,671.7338972231227,450.201810007142,79.85269199426054,327.8491114570003,10530.193634947525,13.644271111666988
2026-06-11 08:23:56.470454,192.168.1.22,13.250.177.223,166,43039,21,42,2374521,1491.9204396233238,351.97573086045395,547.2777618016142,950.1672343920794,18195.248641726055,26.53166680774775
2026-06-11 08:27:56.470454,192.168.1.22,13.250.177.223,3900,22253,5,23,3171782,501.17956855767005,215.92405861204747,369.5857032874271,174.81224039773747,8245.522548523197,8.827845041052633
2026-06-11 08:34:56.470454,192.168.1.15,142.250.190.46,3261,28650,5,42,1910854,504.87120568526893,486.40482387040487,281.05379683741614,297.7770307398809,16699.86299319571,24.596332320522656
2026-06-11 08:35:56.470454,10.0.0.88,8.8.8.8,3713,34409,42,28,1633202,1305.156384161445,89.8653798747943,311.7187137106699,845.0355600242424,23341.87687744688,42.86058919839677
2026-06-11 08:41:56.470454,192.168.1.15,8.8.8.8,3097,13220,10,26,3836911,304.89687979648807,280.8768853150344,712.3910041115545,942.997957908413,4252.63968854112,9.382547575380299
2026-06-11 08:44:56.470454,10.0.0.88,104.21.44.11,3009,27148,9,36,2002716,574.0281918094535,417.8432657647901,184.1049124594087,727.4393638903234,15058.051166515872,22.469486437417988
2026-06-11 08:50:56.470454,192.168.1.22,13.250.177.223,4818,13477,45,36,1828188,522.4018169162932,179.78703928914663,877.4527328275104,248.67832541607154,10007.176504823356,44.306165449067606
2026-06-11 09:09:56.470454,192.168.1.15,13.250.177.223,4873,30880,48,49,1637719,722.3198890883797,470.39245285411573,516.8803887504694,1028.8144257605456,21830.97344538349,59.22871994524091
2026-06-11 09:09:56.470454,192.168.1.105,104.21.44.11,3312,3310,31,4,4684388,1472.215430343882,101.67401070188673,444.69609735744507,1112.42594209427,1413.6318340837693,7.471627030041064
2026-06-11 09:14:56.470454,192.168.1.15,13.250.177.223,1994,46490,7,26,1845136,1281.6092249953144,164.88806504560085,661.6842347903417,648.0527732864011,26276.653861829152,17.884860519766562
2026-06-11 09:18:56.470454,10.0.0.88,8.8.8.8,1428,24147,6,46,3399684,147.58053042556446,279.58765252028996,631.9726971605608,69.59129279539002,7522.757997508003,15.29553923246984
2026-06-11 09:24:56.470454,192.168.1.15,104.21.44.11,1121,46492,31,20,1916165,262.54600181388724,48.833740279348774,27.059958789534853,506.0413546918048,24848.068929345856,26.615662012404986
2026-06-11 09:35:56.470454,10.0.0.88,1.1.1.1,1213,23773,30,39,821604,856.9090304580068,138.7486231203275,319.963962741616,414.99247652686626,30411.2443464248,83.98206435216966
2026-06-11 09:42:56.470454,192.168.1.15,1.1.1.1,2172,33825,48,34,4083724,1107.0025435673917,312.78525387696834,412.6629197844847,130.49794833375324,8814.748499163998,20.079711557392223
2026-06-11 09:42:56.470454,192.168.1.105,104.21.44.11,3132,37631,22,9,4129963,1034.6077315836953,391.7324128319871,109.10005636134109,1327.8454906885736,9870.064211229012,7.506120514881126
2026-06-11 09:44:56.470454,10.0.0.88,1.1.1.1,2519,37067,49,22,4424156,1445.5055728176865,359.0436620238469,437.54710561614206,1093.752348257397,8947.69533443215,16.048258696121927
2026-06-11 09:48:56.470454,192.168.1.22,142.250.190.46,4845,12871,6,24,1555741,1368.8875892735946,79.65978199382013,805.4045646338643,284.3820086960877,11387.499590227422,19.28341542711801
2026-06-11 09:49:56.470454,192.168.1.22,8.8.8.8,832,29572,30,4,3638215,573.7750841536264,55.1921829486848,272.10717225954966,342.1007032585208,8356.845321125882,9.345242103613996
2026-06-11 10:03:56.470454,192.168.1.22,1.1.1.1,1743,48210,8,42,4919097,1433.5519122243309,65.76585203469894,734.8659735560058,197.93362881613626,10154.912578467145,10.164467177614103
2026-06-11 10:07:56.470454,192.168.1.105,104.21.44.11,4539,21269,48,32,166260,1461.8977602943344,352.5224001072541,250.1949717634826,1315.652416491297,155226.75327799833,481.17406471791173
2026-06-11 10:10:56.470454,192.168.1.22,142.250.190.46,580,42766,16,22,4311355,399.7481432590204,445.0063126477669,508.0810882443328,465.5403001925693,10053.915764301479,8.813934366341904
2026-06-11 10:10:56.470454,192.168.1.15,104.21.44.11,670,29988,35,15,3948521,528.6008493487788,66.7618725145928,396.0104292284136,408.72246458213453,7764.426224401491,12.662969248485698
2026-06-11 10:16:56.470454,192.168.1.22,13.250.177.223,958,40289,35,49,4620693,676.3015154612261,246.1381567292381,582.0769703775138,1082.5032310697293,8926.58309045851,18.179091318120463
2026-06-11 10:19:56.470454,10.0.0.88,104.21.44.11,2830,48152,30,19,4658868,238.20721245812425,313.4843766907977,367.0219198261132,931.2365195430014,10943.001604681653,10.517576372629575
2026-06-11 10:20:56.470454,192.168.1.105,13.250.177.223,4007,13803,47,18,4818065,1344.1941022432902,44.19006769758363,979.8934029388273,1124.136670219933,3696.5047171426704,13.490893128257921
2026-06-11 10:21:56.470454,10.0.0.88,13.250.177.223,811,3777,25,44,1596109,1020.1979833184092,245.22688618774507,743.9169238216737,336.82257481412717,2874.4904013447704,43.230130273057796
2026-06-11 10:24:56.470454,192.168.1.15,1.1.1.1,3691,29510,7,17,839152,1451.635922610397,107.91697587299744,992.2473244326936,993.3461854153339,39564.94175071977,28.60030125650657
2026-06-11 10:29:56.470454,10.0.0.88,13.250.177.223,610,27392,32,3,1533457,199.87874539459673,268.1425812250803,75.41059122759837,87.13801100612724,18260.701147798733,22.82424613145331
2026-06-11 10:32:56.470454,192.168.1.105,1.1.1.1,3189,26287,25,39,2253488,518.1478908447814,271.6113622303521,717.567064311476,951.5648926964833,13080.167278458994,28.400417486137048
2026-06-11 10:34:56.470454,10.0.0.88,8.8.8.8,3788,6983,29,28,4590886,1396.6201540769955,493.4564957891699,839.4168120182305,413.1495635814324,2346.17021638089,12.415904032467806
2026-06-11 10:40:56.470454,192.168.1.22,1.1.1.1,3674,46216,13,27,4875495,377.44891935467604,323.06508276808273,865.2596202786492,1363.741546412181,10232.807130352918,8.204295153620299
2026-06-11 10:46:56.470454,192.168.1.105,8.8.8.8,3213,6234,9,14,4769587,1446.0314465515708,336.1206411959431,526.2525565817206,65.39448572516788,1980.6746370283215,4.822220456404297
2026-06-11 10:48:56.470454,192.168.1.15,142.250.190.46,521,4375,32,8,2797407,344.48288800764567,270.76558014216596,568.2630125944405,613.0396725548899,1750.192231591613,14.298956140454356
2026-06-11 10:49:56.470454,10.0.0.88,1.1.1.1,2858,48214,20,41,4445769,940.9178278672011,293.8328475356743,411.3924451473188,1391.8022293993074,11487.776355451666,13.720910825551215
2026-06-11 10:53:56.470454,10.0.0.88,8.8.8.8,583,41446,26,7,2499826,687.277639607443,335.3242070416547,440.5299638156324,1258.7248019180447,16812.77016880375,13.200918783947362
2026-06-11 10:59:56.470454,192.168.1.22,1.1.1.1,480,4707,9,6,3246333,935.0128926124004,324.1844962426765,645.1833598573307,461.47774882840434,1597.80281320493,4.6205980717320125
2026-06-11 11:03:56.470454,192.168.1.22,13.250.177.223,4877,18498,23,5,4868735,670.936341384878,390.4532722369978,417.06471878238193,311.2954535842883,4801.041749037481,5.750980490825645
2026-06-11 11:05:56.470454,10.0.0.88,8.8.8.8,4654,17588,33,19,4724392,100.08237777385058,65.33111968537989,98.68691451459104,1263.103401558406,4707.907387871286,11.006707318105695
2026-06-11 11:07:56.470454,192.168.1.22,104.21.44.11,4698,46176,33,15,3954822,1223.643093763876,242.90711890286525,659.5018077787157,1436.3642119664885,12863.790077024958,12.137082275763612
2026-06-11 11:09:56.470454,10.0.0.88,104.21.44.11,119,28202,35,12,883329,1118.6634144627653,152.95312445984078,779.3512982435375,352.201973754027,32061.66671761031,53.20780818924772
2026-06-11 11:09:56.470454,192.168.1.15,1.1.1.1,3801,40104,39,21,621439,422.2167723300078,294.5709267516158,849.9529556733515,1086.0671741041394,70650.53850820435,96.55010387182008
2026-06-11 11:11:56.470454,192.168.1.15,8.8.8.8,736,41428,47,17,973232,1283.5811615401894,471.4701145796195,911.2118521718196,751.4349995290797,43323.68849359659,65.76027093231625
2026-06-11 11:12:56.470454,10.0.0.88,1.1.1.1,2091,26713,18,8,114289,1371.795995751397,352.46323548857947,267.25514932930776,353.2400194745579,252027.7542020667,227.49345956303756
2026-06-11 11:12:56.470454,10.0.0.88,104.21.44.11,1045,25936,46,46,1304084,1341.2704744569353,78.54210701032389,350.539732483609,652.3638457717159,20689.618153431835,70.54760276178528
2026-06-11 11:20:56.470454,192.168.1.22,8.8.8.8,4190,29794,19,38,2417984,182.8580843291721,136.02904342839767,972.7154248535528,1300.7691517339028,14054.683571107169,23.573356978375372
2026-06-11 11:26:56.470454,10.0.0.88,8.8.8.8,3758,3405,26,14,3694463,817.5365977690852,181.30915290775414,285.8497423066621,936.1957260747947,1938.8474048867183,10.82701328988814
2026-06-11 11:28:56.470454,192.168.1.15,142.250.190.46,1121,20808,4,15,4730596,1285.1520184332996,430.67249467747183,572.0189600703189,274.3267697491915,4635.568118689484,4.016407234944603
2026-06-11 11:31:56.470454,192.168.1.22,13.250.177.223,3116,34592,26,17,2315854,1353.4631741097649,73.63535613583821,126.02947939070458,1378.4054404084425,16282.546309050571,18.567664455531308
2026-06-11 11:33:56.470454,192.168.1.105,1.1.1.1,4367,46515,19,48,1168306,1458.9625658243356,139.6888566091609,205.09147855333086,1290.4799883625146,43551.94615109397,57.34798931101954
2026-06-11 11:35:56.470454,192.168.1.22,104.21.44.11,4842,11166,38,46,1690382,1213.756739008849,428.4782469149446,552.2236178490023,79.6984308116763,9470.048781872973,49.692909650008104
2026-06-11 11:37:56.470454,192.168.1.105,142.250.190.46,383,15533,41,31,1117895,920.1347760188389,76.15734542388999,703.0611630138725,404.03283973020103,14237.473107939475,64.40676449934922
2026-06-11 11:40:56.470454,192.168.1.105,13.250.177.223,1588,17908,19,26,4624762,844.6074028099739,324.9146247184748,87.79134266176995,747.7815471063459,4215.568282216469,9.730230442128699
2026-06-11 11:41:56.470454,10.0.0.88,142.250.190.46,3531,45915,30,18,2338982,1473.8075435823791,367.07353274481846,161.72649381923978,954.2484577761094,21139.966019405023,20.521748350350705
2026-06-11 11:45:56.470454,10.0.0.88,13.250.177.223,4280,32037,9,13,4040514,744.2445723396074,323.2876524211826,249.6525690558213,288.8098893829786,8988.212885786314,5.444851818357764
2026-06-11 11:53:56.470454,10.0.0.88,13.250.177.223,279,12813,24,29,2564312,79.78328563202564,430.54930517142435,307.16657764250164,989.1040035858961,5105.462985783321,20.668311812291172
2026-06-11 12:08:56.470454,192.168.1.22,1.1.1.1,161,17808,21,35,2418639,214.58906875148227,497.60673361665124,516.6610094952873,703.9613724023106,7429.384873062908,23.15351732937408
2026-06-11 12:08:56.470454,192.168.1.22,104.21.44.11,4516,8195,3,41,831074,75.133116956035,300.2115582247042,559.8470969237446,715.0842784573813,15294.666900901726,52.94354052707701
2026-06-11 12:24:56.470454,192.168.1.22,1.1.1.1,2568,45318,23,47,2051296,418.89111313957784,58.249686947491874,45.074278457874776,885.4954239386983,23344.266258989443,34.12476795157793
2026-06-11 12:24:56.470454,192.168.1.15,1.1.1.1,4815,36441,37,37,3831219,657.99763313952,435.5708883405721,751.5700766201361,898.8486809507683,10768.374243289147,19.315001308982858
2026-06-11 12:26:56.470454,192.168.1.22,104.21.44.11,3110,9026,47,5,2481659,438.1558938151524,341.77508640344536,663.5076082969599,370.3429407483503,4890.277028391089,20.953724907410727
2026-06-11 12:36:56.470454,192.168.1.15,8.8.8.8,360,23449,19,9,4034035,937.5171778477561,383.6550506723957,946.7238453976431,732.6316417413449,5902.031092937964,6.9409412660028975
2026-06-11 12:38:56.470454,192.168.1.15,8.8.8.8,3881,1801,45,44,3590908,1195.2768782821086,145.5250070153032,183.91652231160955,1160.1864339226688,1582.3295946317755,24.784817656147133
2026-06-11 12:38:56.470454,192.168.1.22,1.1.1.1,374,23036,6,48,3010534,1172.4929152229254,252.00034766493025,933.152599118099,272.05778636244696,7776.0291031424995,17.937017153767407
2026-06-11 12:39:56.470454,10.0.0.88,104.21.44.11,4266,5824,40,22,876857,1057.0278195035762,485.8199201079284,645.3877610807086,1372.8901249020034,11507.007413979703,70.70708222663444
2026-06-11 12:40:56.470454,192.168.1.105,142.250.190.46,2770,6236,46,44,4473293,1310.7911256137547,367.606182137449,307.13936389192463,1430.263849270699,2013.2819379369964,20.119406441742136
2026-06-11 12:42:56.470454,192.168.1.22,8.8.8.8,3303,16254,46,28,3660808,88.84899949088839,98.34934597500518,757.7759032940273,337.26728206541117,5342.263238061106,20.21411666495484
2026-06-11 12:42:56.470454,192.168.1.15,104.21.44.11,1508,47353,3,30,2608741,406.2212966450408,68.26153928846581,787.9563993081875,660.9029087324731,18729.72441495725,12.649780104655846
2026-06-11 12:45:56.470454,10.0.0.88,8.8.8.8,4901,2522,35,46,4744296,1284.1328630760013,348.3550301562848,624.9216025723806,278.22500383799957,1564.6156985145951,17.073133716783268
2026-06-11 12:46:56.470454,10.0.0.88,104.21.44.11,4625,40932,34,20,1643844,130.42996880928183,149.4283150251843,242.9413184585076,738.2666993346728,27713.700326795,32.84983246585442
2026-06-11 12:49:56.470454,192.168.1.22,8.8.8.8,2368,9988,19,32,1336433,352.636065529518,401.8762424271328,164.45764866415738,1029.0042993464033,9245.506508743798,38.16128455373371
2026-06-11 12:50:56.470454,192.168.1.15,1.1.1.1,4441,5980,48,35,1199434,859.1941915082028,497.88516986843405,576.2187389523903,65.84559685561432,8688.264631484517,69.19930567250887
2026-06-11 12:50:56.470454,192.168.1.22,1.1.1.1,2982,28999,8,43,880008,656.9868168313141,152.5510491115478,761.8387048004756,659.4591607532362,36341.715075317494,57.95401859983091
2026-06-11 12:50:56.470454,192.168.1.105,1.1.1.1,2494,22377,8,24,3790410,191.26915987817583,273.9672940150522,732.3493104759486,1221.1745482401175,6561.559303610955,8.442358478370414
2026-06-11 12:54:56.470454,192.168.1.15,1.1.1.1,1583,1054,46,49,1613147,282.1760136419173,267.2781176864165,624.451492559916,903.208954761488,1634.6929325101803,58.89109919926702
2026-06-11 12:54:56.470454,10.0.0.88,8.8.8.8,3174,8948,36,15,2192561,168.63486721730266,224.72016755076024,571.1886061914591,1066.7894560014347,5528.694526628906,23.260470290222255
2026-06-11 12:57:56.470454,10.0.0.88,13.250.177.223,4729,40099,3,41,4256716,1190.568565280315,442.41092193587997,101.05663119038871,780.3187590991699,10531.123053546444,10.336606905417227
2026-06-11 13:05:56.470454,192.168.1.22,8.8.8.8,3255,7493,9,33,2388228,205.681833456711,334.60742444043353,541.0826729700747,1048.7839356574343,4500.407833757917,17.586260608283634
2026-06-11 13:06:56.470454,192.168.1.105,8.8.8.8,2255,2110,15,10,4255680,598.3489014023382,80.86147721204703,376.0192747383922,935.1323697349628,1025.6880216557636,5.874501842243778
2026-06-11 13:09:56.470454,192.168.1.105,13.250.177.223,519,22288,20,39,1510487,293.9984565743863,461.7742201626073,544.3275039395288,1212.127052748604,15099.103798973445,39.06025010476754
2026-06-11 13:09:56.470454,192.168.1.15,1.1.1.1,2974,28641,42,39,4494013,1325.7062183706714,174.5265000048892,749.5720125731888,328.8665403907052,7034.915119293158,18.023979903929963
2026-06-11 13:09:56.470454,10.0.0.88,8.8.8.8,4329,35319,23,25,2998630,868.5648294580532,377.16764450343345,664.6792580631002,755.7460213507675,13222.03806404925,16.00731000490224
2026-06-11 13:13:56.470454,10.0.0.88,1.1.1.1,1288,44272,10,37,1535131,1069.6010254377773,436.34337407282385,295.39139068639895,223.67763854970767,29678.248957255113,30.61627965300681
2026-06-11 13:13:56.470454,192.168.1.105,8.8.8.8,4322,26173,5,35,2200147,1123.3248457042482,261.1883171875477,39.610960664424454,370.70014625022327,13860.437507130206,18.18060338695551
2026-06-11 13:19:56.470454,192.168.1.22,1.1.1.1,4902,46182,29,37,3564883,175.7912108833202,17.045423363357564,357.8416763806061,517.0854138903222,14329.783053188561,18.513931593266875
2026-06-11 13:19:56.470454,192.168.1.105,8.8.8.8,1344,45646,47,4,2674574,309.72214575437545,75.33926301303188,861.8328884501377,1037.438113607292,17569.153068862557,19.068457257118332
2026-06-11 13:21:56.470454,192.168.1.15,13.250.177.223,1337,8083,10,11,2160992,1234.9012588637834,386.4895663415362,381.62575416643244,265.32116063655326,4359.109149871911,9.717759251306807
2026-06-11 13:23:56.470454,192.168.1.105,13.250.177.223,195,9226,32,29,2671741,786.9671371403776,159.31036485621766,188.43671290307609,372.03251165583896,3526.165148493061,22.831554405909856
2026-06-11 13:32:56.470454,10.0.0.88,142.250.190.46,1571,4342,9,22,2971035,1132.6830358784287,126.33749198509436,270.5166118057554,1135.192759281877,1990.215530951335,10.434074320901638
2026-06-11 13:33:56.470454,192.168.1.15,104.21.44.11,1373,31149,20,14,4084586,106.2990472818237,260.01580191147184,171.90982582236202,123.87625202943451,7962.128842433481,8.323977019947677
2026-06-11 13:38:56.470454,192.168.1.105,142.250.190.46,3343,40858,32,16,2780060,308.17381093674766,106.13251482269762,472.35668982794607,392.6090751561309,15899.297137471853,17.265814406883305
2026-06-11 13:38:56.470454,192.168.1.15,8.8.8.8,230,39983,13,27,1180542,815.0539899112139,112.32848981788304,874.5793018164414,306.6994937320405,34063.167595900864,33.88274199477867
2026-06-11 13:45:56.470454,10.0.0.88,1.1.1.1,3050,25548,26,31,4161351,1321.7120042108302,318.6799061248058,434.92718833213854,789.7842957676042,6872.28738935985,13.697474690310912
2026-06-11 13:45:56.470454,192.168.1.105,1.1.1.1,1584,28740,23,48,2987430,524.7082434222232,47.07605648768751,840.230228448716,241.46472729293504,10150.53072373244,23.76624724261322
2026-06-11 13:46:56.470454,192.168.1.22,1.1.1.1,877,20342,33,11,3896232,391.1192227486204,111.25540347224563,49.91699422295748,488.01350045317554,5446.030934502874,11.292962020742092
2026-06-11 13:50:56.470454,192.168.1.105,142.250.190.46,2264,4562,42,35,2645713,970.018676504365,330.44176631701276,274.7088451094149,1453.6451091782703,2580.0228520629407,29.10368584952336
2026-06-11 13:54:56.470454,192.168.1.15,8.8.8.8,3578,33993,35,30,94376,303.8266473848297,456.07948239872127,620.9606694960514,66.34945365228035,398099.09298974316,688.7344240061033
2026-06-11 13:59:56.470454,10.0.0.88,142.250.190.46,3488,46948,41,6,4308661,212.43019268174356,407.2188506919106,413.0840172956279,1155.8844099161715,11705.724817988697,10.908261290456595
2026-06-11 14:01:56.470454,192.168.1.22,1.1.1.1,1232,22699,14,46,1838900,1036.973814001622,203.559960176091,649.0126064679588,280.26034779774716,13013.758225025831,32.62820164228615
2026-06-11 14:09:56.470454,192.168.1.15,1.1.1.1,404,13483,39,13,4366507,55.09221665268758,286.7044005227106,252.8223255726425,840.0220657224272,3180.345296595196,11.908832391657679
2026-06-11 14:10:56.470454,192.168.1.15,104.21.44.11,1438,44956,34,37,1971547,982.050209304768,471.6088258068532,733.2187091259049,600.9262464906357,23531.774794108384,36.01232940426985
2026-06-11 14:20:56.470454,192.168.1.15,1.1.1.1,2626,6980,22,33,4208037,1474.5405386869966,258.08910856850207,387.0753444240887,1495.926210093929,2282.774604881088,13.07022728174681
2026-06-11 14:21:56.470454,192.168.1.22,8.8.8.8,2828,24956,18,31,3073433,894.932000573494,79.91541955919404,600.4329770668445,1278.63526826792,9040.053907145528,15.943083841424231
2026-06-11 14:22:56.470454,192.168.1.22,104.21.44.11,133,29032,18,11,3987642,410.10852456898124,210.65917603884722,949.6848036271191,1319.7549944365646,7313.846127611255,7.272468290784378
2026-06-11 14:22:56.470454,10.0.0.88,13.250.177.223,4989,32296,20,7,1206996,824.2076393842462,455.482030236017,757.7434086974371,1104.3571576229097,30890.740317283573,22.369585317598403
2026-06-11 14:22:56.470454,192.168.1.22,1.1.1.1,1430,37684,44,22,2832242,1136.279458441164,96.67642119167238,634.4463525382031,1095.1926260535927,13810.260563892492,23.303093450347816
2026-06-11 14:25:56.470454,10.0.0.88,1.1.1.1,2318,30432,35,11,4794167,1467.9166744199827,394.7886835927372,501.7593040545198,1366.8158347340727,6831.218019731061,9.594993249087903
2026-06-11 14:37:56.470454,10.0.0.88,142.250.190.46,2752,37615,20,16,3220651,405.8408046741365,117.95667987138343,177.17318749258484,600.3852255075565,12533.801396053157,11.177864351027168
2026-06-11 14:37:56.470454,192.168.1.15,142.250.190.46,1956,33341,43,49,1061289,518.6727844949883,480.76661517749966,173.38959251399243,327.03409026908616,33258.61287547502,86.68703812062502
2026-06-11 14:39:56.470454,192.168.1.15,104.21.44.11,3181,2488,49,29,1063120,187.82513037710171,338.1395164381302,910.6120131572892,82.1674798734422,5332.41778914892,73.36895176461735
2026-06-11 14:45:56.470454,192.168.1.105,1.1.1.1,2366,4715,41,21,4986767,806.4472203374501,342.6895504865444,845.3488741936206,351.2562552128269,1419.9580610042538,12.43290492617762
2026-06-11 14:49:56.470454,192.168.1.15,8.8.8.8,4298,22374,43,21,2669679,360.64862201456236,223.71705159410467,707.74196384017,688.4406581326308,9990.714239427287,23.97291959070735
2026-06-11 14:54:56.470454,192.168.1.22,142.250.190.46,4146,25867,17,35,4072439,604.1835280542801,303.1795130487144,19.473620311222117,1324.0875906011793,7369.785035454183,12.768760931716841
2026-06-11 14:57:56.470454,192.168.1.22,142.250.190.46,1020,3403,39,34,2336269,235.5294158726174,345.5450832222757,886.8208483613864,293.0445437669832,1893.1895256924608,31.246401848417282
2026-06-11 14:58:56.470454,192.168.1.105,1.1.1.1,3208,16333,30,18,2476246,745.7495901742876,105.53439096892768,206.12658968702186,599.7459574209328,7891.380743270256,19.38418073163975
2026-06-11 14:59:56.470454,192.168.1.105,8.8.8.8,2102,5791,34,14,4751061,283.95327752060115,72.10711948258052,304.1535420959446,1185.477571304257,1661.3131256365684,10.1030064652927
2026-06-11 15:07:56.470454,10.0.0.88,142.250.190.46,1487,17222,20,37,667194,658.7451316399363,400.1123573630364,902.3782061790126,1393.9657656424351,28041.31931642071,85.43242295344383
2026-06-11 15:09:56.470454,192.168.1.22,1.1.1.1,244,5638,25,23,800101,1461.282085099897,365.44157310619613,473.91938866149155,1185.3511432135576,7351.571864052164,59.99242595622303
2026-06-11 15:10:56.470454,192.168.1.105,8.8.8.8,856,22948,12,7,749157,161.24306255520293,403.657942396519,245.20483263939306,397.08618606358334,31774.38107099046,25.361840041540027
2026-06-11 15:14:56.470454,192.168.1.105,142.250.190.46,4269,23997,37,31,867796,1045.0573754951834,334.76577999805306,113.41882388696895,1298.7337619904936,32572.171339807974,78.35943009647428
2026-06-11 15:16:56.470454,192.168.1.15,1.1.1.1,3503,13922,4,32,3909751,488.36347994777697,368.7664446270025,71.04759160182836,1433.131685356335,4456.805561274874,9.207747501055694
2026-06-11 15:21:56.470454,192.168.1.105,104.21.44.11,2378,38462,5,20,3860260,1399.81882558325,309.2083047217215,136.3089065634297,248.8572085655335,10579.598265401813,6.4762477138845576
2026-06-11 15:22:56.470454,192.168.1.105,142.250.190.46,3591,35858,10,17,4619121,867.6940257570255,418.9594006153597,995.362148496673,805.8869212849983,8540.369477223048,5.845267963320294
2026-06-11 15:24:56.470454,192.168.1.105,13.250.177.223,3689,40171,34,6,2136149,203.05927787272574,20.237546489901334,623.9404337901358,1368.9948042641408,20532.275604370294,18.725285548901315
2026-06-11 15:25:56.470454,192.168.1.15,1.1.1.1,4356,29784,32,5,4283772,455.1760526256669,155.06619820255185,312.9845668584072,161.93326014149366,7969.611828080486,8.637247734006385
2026-06-11 15:27:56.470454,192.168.1.15,104.21.44.11,786,39010,22,36,2497650,599.301069004823,493.78379423394153,311.6643794672186,253.28514357292624,15933.377374732247,23.221828518807676
2026-06-11 15:27:56.470454,10.0.0.88,1.1.1.1,1107,42799,23,49,3575778,233.66291316012462,12.427204126349624,388.66642183180284,828.779423078289,12278.726475748774,20.135478209217684
2026-06-11 15:30:56.470454,10.0.0.88,104.21.44.11,1548,27520,21,32,1074833,1432.9800647308853,58.66677464519019,282.89224017498896,66.75389657789292,27044.201285222916,49.30998583035691
2026-06-11 15:36:56.470454,192.168.1.105,1.1.1.1,4242,16574,43,3,3805746,1197.164783141852,430.01519100051627,313.28378547137174,383.9313233627805,5469.624089468924,12.086986362200735
2026-06-11 15:42:56.470454,192.168.1.22,8.8.8.8,3997,42881,5,15,4506493,670.6005266775747,285.9414962482335,323.14691268801545,844.2130109928443,10402.323935707878,4.438040844621305
2026-06-11 15:49:56.470454,192.168.1.105,104.21.44.11,4993,49197,13,4,4465595,181.15582135304263,274.00802602454786,223.41006570479936,721.6487916065621,12135.001046892967,3.8068835172020745
2026-06-11 15:51:56.470454,192.168.1.105,104.21.44.11,698,28565,48,42,725000,1408.4055241900567,466.2948380492755,896.7615252062136,87.59926099093616,40362.75862068966,124.13793103448276
2026-06-11 15:51:56.470454,192.168.1.105,13.250.177.223,1514,10823,9,37,3637900,1250.4966807832666,422.95171624114596,882.4588179415655,96.61502485924021,3391.242200170428,12.644657632150416
2026-06-11 15:54:56.470454,192.168.1.105,104.21.44.11,3586,19406,6,4,1777927,744.791320588715,113.17729501811495,712.4022184908943,1174.9772246385523,12931.914527424355,5.624527891190133
2026-06-11 15:57:56.470454,192.168.1.22,104.21.44.11,3868,32799,41,45,4508663,1083.6785779741313,348.2984434916355,511.4309821316955,187.10704571139107,8132.566128805812,19.074390789464637
2026-06-11 16:09:56.470454,192.168.1.105,1.1.1.1,4532,32580,12,44,637877,1130.3742274591227,137.33477309835706,179.1680141085965,945.9555767021566,58180.49561279055,87.79121993738605
2026-06-11 16:16:56.470454,192.168.1.22,104.21.44.11,2620,37800,49,3,4453208,585.4800231523654,348.42046073857523,371.2067082084552,1298.5352083331572,9076.602754688305,11.676975340024539
2026-06-11 16:17:56.470454,192.168.1.105,142.250.190.46,2380,2920,46,41,679739,634.3805716340048,441.3414565151855,60.222684984388906,249.87574346427184,7797.110361476979,127.9903021600938
2026-06-11 16:17:56.470454,192.168.1.22,13.250.177.223,2304,38842,39,29,4100507,868.0723075553299,418.9759960408309,744.5705012312503,659.8633377345949,10034.368920721266,16.583315185171003
2026-06-11 16:22:56.470454,10.0.0.88,8.8.8.8,2278,33237,12,40,812075,1206.8345004765595,242.541794180926,260.6567355250405,418.51865516061946,43733.64529138319,64.03349444324724
2026-06-11 16:23:56.470454,192.168.1.105,13.250.177.223,2786,25936,49,12,1343261,1172.8830052465153,312.07294941633916,169.96244129069882,1275.6715594673906,21382.292793433295,45.411874535179685
2026-06-11 16:27:56.470454,10.0.0.88,1.1.1.1,1463,48302,46,8,2339135,860.5179507371852,141.11186322337417,898.8001779659445,1411.0869238705043,21274.958478240886,23.085456803476497
2026-06-11 16:27:56.470454,10.0.0.88,13.250.177.223,2078,24832,23,13,4714854,805.8407593460181,455.3481867626905,110.71597351083406,69.24316607639601,5707.493805746689,7.63544321839022
2026-06-11 16:28:56.470454,192.168.1.22,142.250.190.46,3725,4453,25,41,4529455,527.379030114208,223.01093724322325,470.77378884506135,133.561232090424,1805.5152330688793,14.571289481847154
2026-06-11 16:29:56.470454,192.168.1.22,104.21.44.11,1883,9773,12,20,1881392,746.100036899029,63.052995047029356,568.3788623802204,612.7827674451763,6195.412758213068,17.00868293263711
2026-06-11 16:30:56.470454,192.168.1.105,104.21.44.11,544,25199,4,42,2189704,311.087208803498,253.02309237713942,863.9916324860782,813.4112250654508,11756.383511196034,21.00740556714515
2026-06-11 16:31:56.470454,192.168.1.105,1.1.1.1,1955,11834,5,28,3048396,294.3560236074628,290.873614279152,367.65895329190204,1100.3551187989146,4523.362450285331,10.82536520845717
2026-06-11 16:31:56.470454,10.0.0.88,13.250.177.223,304,22625,6,44,4233102,863.1734696810007,176.6316896012362,54.9823214444975,164.59225257528988,5416.595206068741,11.811669078609494
2026-06-11 16:35:56.470454,10.0.0.88,13.250.177.223,3368,16861,19,4,4600433,1277.6681266232026,410.81975895465405,839.4800938359003,198.30161018969784,4397.194785795164,4.999529392124611
2026-06-11 16:35:56.470454,10.0.0.88,1.1.1.1,4291,6752,21,39,3357001,164.8260013100101,130.9356195595277,216.994839981124,355.48139808586666,3289.543256019286,17.87309565889316
2026-06-11 16:36:56.470454,10.0.0.88,142.250.190.46,992,16534,21,13,312015,1267.1123617576668,70.78260466275535,482.2868792963564,1222.7440108959106,56170.37642421038,108.9691200743554
2026-06-11 16:37:56.470454,192.168.1.15,13.250.177.223,1047,28130,3,32,2873139,762.880664598705,60.05408301630855,591.8220114017139,1345.721814335707,10155.0951763907,12.181798374530434
2026-06-11 16:38:56.470454,10.0.0.88,8.8.8.8,2037,48221,30,26,2431054,859.1975089373426,72.37932877617901,31.95242891765488,1229.584265774349,20673.337572921046,23.035276057216336
2026-06-11 16:38:56.470454,10.0.0.88,13.250.177.223,732,45673,13,10,3927651,452.80081220162384,96.76434321976505,579.7239432859582,105.47192619427634,11814.949953547299,5.855917442766682
2026-06-11 16:41:56.470454,10.0.0.88,1.1.1.1,3069,29113,26,38,27929,362.10258366908744,239.51079646221353,69.34866381481658,280.60120725325123,1152278.9931612303,2291.524938236242
2026-06-11 16:45:56.470454,192.168.1.105,8.8.8.8,1254,35639,38,18,4603518,991.6016213648305,10.324711172797187,326.3669593043889,1060.18551783375,8014.088355905201,12.164609761491102
2026-06-11 16:46:56.470454,192.168.1.105,104.21.44.11,2072,2315,12,49,2463317,883.2334610737288,438.79682815558095,466.37354148967995,456.2044670567014,1780.9319709968306,24.763357700206672
2026-06-11 16:51:56.470454,192.168.1.105,8.8.8.8,4858,41235,7,34,287454,1297.4013032079856,225.85678761881934,785.1184852977589,1255.7143541109278,160349.13412232915,142.6315166948451
2026-06-11 16:51:56.470454,192.168.1.105,104.21.44.11,1387,619,18,44,2909618,524.9282232982374,140.07008861021464,418.4938368435372,1192.237822146213,689.4375825280157,21.30863914094565
2026-06-11 16:53:56.470454,10.0.0.88,142.250.190.46,3161,6827,28,20,1646775,1412.6304344498362,156.18929947292088,177.13175996836998,857.3701182714979,6065.188019006846,29.147879947169464
2026-06-11 16:53:56.470454,10.0.0.88,104.21.44.11,3371,4735,15,20,4386903,585.2104494049877,491.12052719502776,188.02526340674112,1155.586690538547,1847.7727909643772,7.978293570657933
2026-06-11 16:54:56.470454,192.168.1.15,8.8.8.8,1802,16020,5,14,403077,810.1824915915313,400.6557583111238,743.1238902531452,270.5031720028078,44214.87705822957,47.13739558446649
2026-06-11 16:55:56.470454,192.168.1.15,1.1.1.1,4224,38371,5,38,109487,151.11719822131107,50.90279569858078,169.34613949650833,1228.9128326025905,389041.6213797072,392.7406906756053
2026-06-11 16:57:56.470454,192.168.1.22,8.8.8.8,869,27752,34,42,2684992,799.118379885126,397.5633024770779,407.41371131010555,1399.9990422198186,10659.622077086264,28.30548470907921
2026-06-11 17:00:56.470454,10.0.0.88,1.1.1.1,3864,37314,48,19,3849607,1413.7234967459256,262.38792514902696,132.6133090665498,156.96137287140772,10696.676310075289,17.404374004930894
